A1,M,DOUGLAS,"A1, EA1, AD Skyraider"
A10,M,"FAIRCHILD, US","A10, OA10 Thunderbolt 2"
A109,L,AGUSTA,"A109, Power"
A119,L,AGUSTA,A119 Koala
A122,L,AEROTEC,A122 Uirapuru (T23)
A124,H,ANTONOV,An124 Ruslan
A129,L,AGUSTA,A129 Mangusta
A139,L,AGUSTA,AB139
A140,M,ANTONOV,An140
A148,M,ANTONOV,An148
A15S,L,STEMME,S-15
A19,L,AEROPRACT,A19
A19N,M,AIRBUS,A319 Neo
A20,M,DOUGLAS,A20 Havoc
A20J,L,SCHLEICHER,ASW-20J
A20N,M,AIRBUS,A320 Neo
A21,L,AEROPRACT,A21 Solo
A210,M,AQUILA,A210
A211,L,ALFA­M,A211
A21N,M,AIRBUS,A321 Neo
A22,L,SADLER,A22 Piranha
A225,H,ANTONOV,An225 Mriya
A23,L,AEROPRACT,A23 Dragon
A25,L,AEROPRACT,A25 Breeze
A27,M,AEROPRACT,A27
A270,L,"AERO VODOCHODY, CZECH",Ae270 Ibis
A3,M,DOUGLAS,"A3, ERA3, NRA3, TA3 Skywarrior"
A306,H,AIRBUS,A300B4600
A30B,H,AIRBUS,"A300B2/41/2/100/200, A300C4200"
A310,H,AIRBUS,A310 (CC150 Polaris)
A318,M,AIRBUS,A318
A319,M,AIRBUS,A319
A320,M,AIRBUS,A320
A321,M,AIRBUS,A321
A332,H,AIRBUS,A330-200
A333,H,AIRBUS,A330-300
A337,H,AIRBUS,A330-700 Beluga XL
A338,H,AIRBUS,A330-800
A339,H,AIRBUS,A330-900
A342,H,AIRBUS,A340-200
A343,H,AIRBUS,A340-300
A345,H,AIRBUS,A340-500
A346,H,AIRBUS,A340-600
A358,H,AIRBUS,A350-800
A359,H,AIRBUS,A350-900
A35K,H,AIRBUS,A350-1000
A37,L,CESSNA,"A37 Dragonfly (318D/E), OA37"
A388,J,AIRBUS,A380-800
A3ST,H,AIRBUS,"A300ST Super Transporter, Beluga"
A4,M,DOUGLAS,"A4, TA4 Skyhawk"
A400,H,AIRBUS,A400M
A5,L,ICON,A-5
A50,H,BERIEV,"A50, Be976"
A500,L,ADAM (2),"A500, Carbon Aero"
A504,L,AVRO,"504, Replica"
A6,M,GRUMMAN,"A6, EA6, KA6 Intruder, Prowler (G128)"
A660,M,AYRES,660 Turbo Thrush
A7,M,LTV,"A7, EA7, TA7 Corsair"
A748,M,AIL,748
A890,L,AVIATIKA,890
A9,L,AAMSA,A9 Quail
A900,L,AVIATIKA,900 Acrobat
A960,L,AVIATIKA,910/960
AA1,L,AMERICAN,"AA1 Yankee, Trainer, Tr2"
AA5,L,AMERICAN,AA5 Traveler
AB11,L,AERO BOERO,AB115
AB15,L,AERO BOERO,AB150
AB18,L,AERO BOERO,AB180
AB95,L,AERO BOERO,AB95
AC11,L,COMMANDER,Commander 114/115
AC50,L,AERO COMMANDER,500 Commander 500
AC52,L,"AERO DESIGN & ENGINEERING CO, US",Commander 520
AC56,L,AERO COMMANDER,560 Commander 560
AC68,L,AERO COMMANDER,"680F, 680FP Commander 680F/680FP"
AC6L,L,AERO COMMANDER,680FL Grand Commander
AC72,L,AERO COMMANDER,720 Alti Cruiser
AC80,L,AERO COMMANDER,"680T, 680V Turbo Commander"
AC90,L,GULFSTREAM AEROSPACE,690 Jetprop Commander 840/900
AC95,L,GULFSTREAM AEROSPACE,695 Jetprop Commander 980/1000
ACAM,M,LEZA­LOCKWOOD,Air Cam
ACAR,L,AUSTER,J5B/E/G/H/P/T/V Autocar
ACED,L,POWELL,P70 Acey Deucy
ACJR,L,SPENCER,Air Car Junior
ACPL,L,OPTION AIR,Acapella
ACR2,L,ACRO SPORT,AcroSport 2
ACRD,L,"AVIA, RUSSIA",Accord
ACRO,L,ACRO SPORT,"AcroSport 1, Super AcroSport"
ACSR,M,MILLICER,M9 Aircruiser
AD20,L,BEIJING KEYUAN,AD200
ADVE,L,AUSTER,J5 Adventurer
ADVN,L,ADVENTURE AIR,Adventurer
AE45,L,"AERO VODOCHODY, CZECH",45
AEA1,L,AMERICAN EAGLE,A1/101
AEST,L,"AEROSTAR, US","600, 601"
AG02,L,GATARD,AG02 Poussin
AGSH,L,AERO GARE,Sea Hawker
AIGT,L,AUSTER,J5F/K/L Aiglet Trainer
AIRD,L,BEAGLE,A109 Airedale
AJET,M,AOI,Alpha Jet
AK1,L,AKAFLIEG KARLSRUHE,AK1
AKRO,L,STEPHENS,Akro
ALC1,M,ALTAIR COELHO,AC11
ALH,L,HINDUSTAN,ALH
ALIZ,M,BREGUET,1050 Alizé
ALO2,L,AEROSPATIALE,SA318 Alouette 2
ALO3,L,AEROSPATIALE,SA316/319 Alouette 3 (HD16)
ALPI,L,AUSTER,J5Q/R Alpine
AM3,L,AERFER,AM3
AMX,M,AERITALIA,AMX
AN12,M,ANTONOV,An12
AN2,L,ANTONOV,An2
AN22,H,ANTONOV,An22 Antheus
AN24,M,ANTONOV,An24
AN26,M,ANTONOV,An26
AN28,L,ANTONOV,An28
AN3,L,ANTONOV,An3
AN30,M,ANTONOV,An30
AN32,M,ANTONOV,"An32, Firekiller (Sutlej)"
AN38,M,ANTONOV,An38
AN70,M,ANTONOV,An70
AN72,M,ANTONOV,An72/74
AN8,M,ANTONOV,An8
ANGL,L,KING?S,44 Angel
ANKA,L,TAI,Anka
ANSN,L,AVRO,652 Anson
ANST,L,KAZAN,Ansat
AP20,L,AEROPRAKT,"A20, Sky Cruiser, Super Cruiser"
AP26,L,AEROPRAKT,"A26, Vulcan"
AP28,L,AEROPRAKT,"A28, Victor"
APM2,L,MONIOT,"APM20/21 Lionceau, Lion"
AR11,L,AERONCA,11 Chief
AR15,L,AERONCA,15 Sedan
AR79,L,ARADO,Ar79
ARES,L,RUTAN,151 Ares
ARON,L,GENERAL AVIA,F220 Airone
ARV1,L,ARV,ARV1 Super 2
ARVA,L,IAI,"101, 102, 201, 202 Arava"
ARWF,L,"ARROW, US",F Sport
AS02,L,FFA,"AS20215/18/26 Bravo, Wren"
AS14,L,SCHLEICHER,ASK14
AS16,L,SCHLEICHER,ASK16
AS20,L,SCHLEICHER,ASW20TOP
AS21,L,SCHLEICHER,ASK-21Mi
AS22,L,SCHLEICHER,ASW22BE/BLE
AS24,L,SCHLEICHER,ASW24E/TOP
AS25,L,SCHLEICHER,ASH25E/M
AS26,L,SCHLEICHER,ASH26E
AS2T,L,FFA,AS20232TP Turbine Bravo
AS32,M,AEROSPATIALE,"AS332/532 Super Puma, Tiger, Cougar (Hkp10 HD21, HT21)"
AS50,L,AEROSPATIALE,"AS350/550 Ecureuil, AStar, SuperStar, Fennec"
AS55,L,AEROSPATIALE,"AS355/555 Ecureuil 2, TwinStar, Fennec"
AS65,L,AEROSPATIALE,"SA365F/K/M/N/S, AS365/366/565 Dauphin 2, Panther (HH65 Dol phin, Dolpheen)"
AS80,L,STARCK,AS80 Holiday
ASTR,M,IAI,"1125 Astra, Gulfstream 100 (C38)"
AT3,M,AIDC,AT3 TzuChung
AT3P,L,AIR TRACTOR,AT300/301/401
AT3T,L,AIR TRACTOR,AT302/400/402
AT43,M,ATR,ATR42-200/300/320
AT44,M,ATR,ATR42-400
AT45,M,ATR,ATR42-500
AT46,M,ATR,ATR42-600
AT5P,L,AIR TRACTOR,AT501
AT5T,L,AIR TRACTOR,AT502/503
AT6T,L,AIR TRACTOR,AT602
AT72,M,ATR,ATR72-200
AT75,M,ATR,ATR72-500
AT76,M,ATR,ATR72-600
AT8T,L,AIR TRACTOR,AT802
ATAC,M,AIRCRAFT TECHNOLOGIES,Acro 1
ATIS,M,AIRCRAFT TECHNOLOGIES,Atlantis
ATL,L,ROBIN,ATL
ATLA,M,BREGUET,1150 Atlantic
ATP,M,BRITISH AEROSPACE,ATP
ATTL,L,EURONEF,ATTL1
AUJ2,L,AUSTER,J2 Arrow
AUJ4,L,AUSTER,J4 Archer
AUS3,L,"TAYLORCRAFT AEROPLANES, UK",Auster 3 (E)
AUS4,L,"TAYLORCRAFT AEROPLANES, UK",Auster 4 (G)
AUS5,L,AUSTER,"Auster 5 (J, 5 Alpha)"
AUS6,L,AUSTER,"Auster AOP6 (K, 6A)"
AUS7,L,AUSTER,Auster T7 (Q)
AUS9,L,AUSTER,Auster AOP9 (B5)
AV68,L,ALPLA,AVO68 Samburo
AVAM,L,AVID,"Avid Amphibian, Catalina"
AVID,L,AVID,"Avid Flyer, Avid Commuter"
AVIN,L,AVRO,"594, 616 Avian"
AVK4,L,AVTEK,400
AVLN,L,AIRMASTER,Avalon 680
B06,L,AGUSTA,"AB206 JetRanger, LongRanger (Hkp6)"
B06T,L,BELL,206LT TwinRanger
B1,H,ROCKWELL,B1 Lancer
B103,L,BERIEV,Be103
B105,L,BOLKOW,BO105
B13,L,AKAFLIEG BERLIN,B13
B14A,L,BELLANCA,"14 Junior, Cruisair, Cruisair Senior, Cruisemaster"
B14B,L,DOUGLAS,14 Bellanca 260
B14C,L,BELLANCA,14 Bellanca 260/A/B/C
B17,M,BOEING,B17 Flying Fortress
B170,M,BRISTOL,170 Freighter
B18T,L,HAWKER BEECHCRAFT CORP,18 (turbine)
B190,M,HAWKER BEECHCRAFT CORP,1900 (C12J)
B2,H,NORTHROP,B2 Spirit
B209,L,BOLKOW,BO209 Monsun
B212,L,AGUSTA,AB212 (HA18)
B214,L,BELL,"214A/B/C, Big Lifter"
B222,L,BELL,222
B23,M,DOUGLAS,"B23, UC67 Dragon"
B230,L,BELL,230
B24,M,CONSOLIDATED,"B24, C87, LB30 Liberator"
B25,M,NORTH AMERICAN,"B25, TB25, PBJ Mitchell"
B26,M,DOUGLAS,"A26, B26, CB26, RB26, TB26, UB26, VB26 Invader"
B26M,M,MARTIN,B26 Marauder (179)
B29,M,BOEING,B29 Superfortress
B305,L,BRANTLY,305
B350,L,HAWKER BEECHCRAFT CORP,B300 Super King Air 350
B36T,L,ALLISON,36 Turbine Bonanza
B377,M,BOEING,377 Stratocruiser
B37M,M,BOEING,737-7 MAX
B38M,M,BOEING,737-8 MAX
B39M,M,BOEING,737-9 MAX
B3XM,M,BOEING,737-10
B407,L,BELL,407
B412,L,AGUSTA,"AB412, Griffon (Hkp11)"
B427,L,BELL,427
B429,L,BELL,GlobalRanger
B430,L,BELL,430
B461,M,BRITISH AEROSPACE,"BAe146100, Statesman"
B462,M,BRITISH AEROSPACE,"BAe146200, Quiet Trader, Statesman"
B463,M,BRITISH AEROSPACE,BAe146300
B47G,L,AGUSTA,AB47G (HE7)
B47J,L,AGUSTA,AB47J
B47T,L,SOLOY,Bell 47
B52,H,BOEING,B52 Stratofortress
B58T,L,BEECH,58P Pressurized Baron
B60,L,BOISAVIA,"B60, B601 to 606 Mercurey"
B609,L,AGUSTA,BA609
B60T,L,BEECH AIRCRAFT CORPORATION,B60 Turbine Duke
B701,H,BOEING,B707-100
B703,H,BOEING,B707-300 / C18
B712,M,BOEING,B717-200
B720,M,BOEING,B720
B721,M,BOEING,B727-100 / C22
B722,M,BOEING,B727-200
B72Q,M,BOEING,727 Stage 3 (US ONLY)
B731,M,BOEING,B737-100
B732,M,BOEING,B737-200
B733,M,BOEING,B737-300
B734,M,BOEING,B737-400
B735,M,BOEING,B737-500
B736,M,BOEING,B737-600
B737,M,BOEING,B737-700 / BBJ / C40
B738,M,BOEING,B737-800 / BBJ2
B739,M,BOEING,B737-900
B73Q,M,BOEING,737 Stage 3 (US ONLY)
B741,H,BOEING,B747-100
B742,H,BOEING,B747-200 /E4 / VC25
B743,H,BOEING,B747-300
B744,H,BOEING,"B747-400(ER) (International, winglets)"
B748,H,BOEING,"B747-800 (Intercontinental, Freighter)"
B74D,H,BOEING,"B747-400 (Domestic, no winglets)"
B74R,H,BOEING,B747SR
B74S,H,BOEING,B747SP
B752,M,BOEING,B757-200 / C32
B753,H,BOEING,B757-300
B762,H,BOEING,B767-200(ER)
B763,H,BOEING,B767-300(ER)
B764,H,BOEING,B767-400(ER)
B772,H,BOEING,B777-200(ER)
B773,H,BOEING,B777-300
B778,H,BOEING,B777-800
B779,H,BOEING,B777-900
B77L,H,BOEING,B777-200LR
B77W,H,BOEING,B777-300ER
B788,H,BOEING,B787-8
B789,H,BOEING,B787-9
B78X,H,BOEING,B787-10
BA11,M,BAC,111 OneEleven
BA46,M,AI (R),RJ70 Avroliner
BABY,L,CANADIAN HOME ROTORS,Baby Belle
BALL,----,-,Balloon
BARC,L,BUETHE,Barracuda
BASS,L,BEAGLE,B206 (Basset)
BBAT,M,BRADLEY,BA100 Aerobat
BBIR,L,HOVEY,Beta Bird
BCAT,L,GRUMMAN,F8F Bearcat (G58)
BCS1,M,BOMBARDIER,BD-500 CSeries CS100
BCS3,M,BOMBARDIER,BD-500 CSeries CS300
BD10,L,BEDE,BD10
BD12,L,BEDE,BD12
BD17,L,BEDE,BD17 Nuggett
BD4,L,BEDE,BD4
BD5,L,BEDE,BD5B/D/G Micro
BD5J,L,BEDE,BD5J Micro
BD5T,M,BEDE,BD5TP
BDOG,L,BEAGLE,B125 Bulldog
BE10,L,HAWKER BEECHCRAFT CORP,100 King Air (U21F Ute)
BE12,M,BERIEV,Be12/14 Tchaika
BE17,L,HAWKER BEECHCRAFT CORP,17 Staggerwing (UC43 Traveler)
BE18,L,HAWKER BEECHCRAFT CORP,"18 (piston) (C45, RC45, TC45, UC45, AT7, AT11 Kansan, SNB,"
BE19,L,HAWKER BEECHCRAFT CORP,"19 Musketeer Sport, Sport"
BE20,L,HAWKER BEECHCRAFT CORP,"200, 1300 Super King Air, Commuter (C12A to F, C12L/R, UC12, RC12, Tp101, Huron)"
BE23,L,HAWKER BEECHCRAFT CORP,"23 Musketeer, Sundowner"
BE24,L,HAWKER BEECHCRAFT CORP,"24 Musketeer Super, Sierra"
BE30,L,HAWKER BEECHCRAFT CORP,300 Super King Air
BE32,M,BERIEV,Be30/32
BE33,L,HAWKER BEECHCRAFT CORP,"33 Debonair, Bonanza (E24)"
BE35,L,HAWKER BEECHCRAFT CORP,35 Bonanza
BE36,L,HAWKER BEECHCRAFT CORP,36 Bonanza (piston)
BE40,M,HAWKER BEECHCRAFT CORP,"400 Beechjet (T1 Jayhawk, T400, Hawker 400)"
BE4W,M,BEECH,Beechjet (400XT/400XPR)
BE50,L,HAWKER BEECHCRAFT CORP,"50 Twin Bonanza (U8D/E/G, RU8 Seminole)"
BE55,L,HAWKER BEECHCRAFT CORP,"55 Baron (T42 Cochise, C55, E20)"
BE56,L,HAWKER BEECHCRAFT CORP,56 Turbo Baron
BE58,L,HAWKER BEECHCRAFT CORP,58 Baron
BE60,L,HAWKER BEECHCRAFT CORP,60 Duke
BE65,L,HAWKER BEECHCRAFT CORP,65 Queen Air (U8F Seminole)
BE70,L,HAWKER BEECHCRAFT CORP,70 Queen Air
BE76,L,HAWKER BEECHCRAFT CORP,76 Duchess
BE77,L,HAWKER BEECHCRAFT CORP,77 Skipper
BE80,L,HAWKER BEECHCRAFT CORP,80 Queen Air (Zamir)
BE88,L,HAWKER BEECHCRAFT CORP,88 Queen Air
BE95,L,HAWKER BEECHCRAFT CORP,95 Travel Air
BE99,L,HAWKER BEECHCRAFT CORP,99 Airliner
BE9L,L,HAWKER BEECHCRAFT CORP,"90, A90 to E90 King Air (T44, VC6)"
BE9T,L,HAWKER BEECHCRAFT CORP,F90 King Air
BEAR,M,R & B,Bearhawk
BELF,M,SHORT,SC5 Belfast
BER2,M,BERIEV,Be200
BER4,M,BERIEV,A40 Albatross
BETA,L,ROLLASON,Beta
BEVR,M,ASAP,Beaver
BFIT,L,BRISTOL,"F2B Fighter, Replica"
BILO,L,PENA,Bilouis
BIPL,L,EAA,Biplane
BIRD,L,"TAYLOR, C. GILBERT, US",TA2/3 Bird
BK17,L,CASA,BK117
BKUT,L,BERKUT,Berkut
BL11,L,BLERIOT,"11, Replica"
BL17,L,BELLANCA,"17 Viking, Super Viking, Turbo Viking"
BL19,L,AVIABELLANCA,19 Skyrocket
BL8,L,AMERICAN CHAMPION,"8 Scout, Super Decathlon"
BLBU,L,AMEUR,"Balbuzard, Baljims"
BLCF,H,BOEING,747-400LCF Dreamlifter
BLEN,L,BRISTOL,"149 Blenheim, Bolingbroke"
BLKS,L,AIRCRAFT SPRUCE,"Baby Lakes, Buddy Baby Lakes, Super Baby Lakes"
BM6,L,MARANDA,BM6 Lark
BN2P,L,AVIONES FAIREY,"BN2A/B Islander, Defender, Maritime  Defender"
BN2T,L,BRITTEN­NORMAN,"BN2T Turbine Islander, Turbine Defender, Defender 4000"
BOLT,L,STEEN,Skybolt
BOOM,L,RUTAN,202 Boomerang
BR14,L,BREGUET,14 Replica
BRB2,L,BRANTLY,B2
BROU,L,MAX HOLSTE,MH1521 Broussard
BS60,L,BEECH­SFERMA,60 Marquis
BSCA,H,BOEING,B747SCA Shuttle Carrier
BSTP,L,BELL,214ST SuperTransport
BSTR,L,CUSTOM FLIGHT,Bright Star
BTUB,L,KIMBREL,Dormoy Bathtub
BU20,L,AIRCRAFT HYDRO­FORMING,Bushmaster 2000
BU31,L,"AERO VODOCHODY, CZECH",Z131 (C104)
BU33,L,BITZ,Bü133 Jungmeister
BU81,L,BUCKER,Bü181 Bestmann
BUC,M,HAWKER SIDDELEY,Buccaneer
BUCA,L,ADVANCED AEROMARINE,Mallard
BULT,L,BROKAW,BJ520 Bullet
BX2,L,BRANDLI,BX2 Cherry
C02T,L,AJI,Turbo Star 402
C04T,L,CESSNA,404 (turbine)
C06T,L,CESSNA,206 (turbine)
C07T,L,CESSNA,207 (turbine)
C08T,L,SOLOY,"208 DualPac Caravan, Pathfinder 21"
C1,M,KAWASAKI,C1
C101,L,CASA,"C101 Aviojet (E25 Mirlo, A36 Halcón, T36)"
C10T,L,ADVANCED AIRCRAFT,"Spirit 750, Turbine P210"
C119,M,"FAIRCHILD, US","C119, R4Q Flying Boxcar (F78)"
C120,L,CESSNA,120
C123,M,"FAIRCHILD, US",C123 Provider
C125,M,NORTHROP,C125 Raider
C130,M,LOCKHEED,"C130A/B/E/F/H, AC130, CC130, DC130, EC130/E/G/H/Q, HC130, JC13 0, KC130B/F/H/R/T, LC130, MC130, NC130, RC130, TC130, VC130, WC130E/H, T"
C133,M,DOUGLAS,C133 Cargomaster
C135,H,BOEING,"C135B/C/E/K Stratolifter, EC135, NKC135, OC135, TC135, WC135"
C140,L,CESSNA,140
C141,H,LOCKHEED,"C141, Starlifter (L300)"
C14T,L,AJI,Turbo Star 414
C15,M,MCDONNELL DOUGLAS,YC15
C150,L,CESSNA,150
C152,L,CESSNA,152
C160,M,TRANSALL,C160
C17,H,BOEING,C17 Globemaster 3
C170,L,CESSNA,170
C172,L,CESSNA,172
C175,L,CESSNA,"175, Skylark"
C177,L,CESSNA,"177, Cardinal"
C180,L,CESSNA,"180, Skywagon 180 (U17C)"
C182,L,CESSNA,182
C185,L,AVIONES COLOMBIA,185
C188,L,AVIONES COLOMBIA,"188, AC05 AgWagon, AgTrainer, Pijao"
C190,L,CESSNA,190
C195,L,CESSNA,195 (LC126)
C2,M,GRUMMAN,C2 Greyhound
C205,L,CESSNA,205
C206,L,AVIONES COLOMBIA,206
C207,L,CESSNA,"207 (Turbo)Skywagon 207, (Turbo)Stationair 7/8"
C208,L,CESSNA,"208 Caravan 1, (Super)Cargomaster, Grand  Caravan (C98, U27)"
C210,L,AVIONES COLOMBIA,210
C212,L,CASA,"C212 Aviocar (T12, TE12, TR12, D3, Tp89)"
C21T,L,ADVANCED AIRCRAFT,Regent 1500
C22J,L,CAPRONI VIZZOLA,C22J Ventura
C25A,L,CESSNA,525A Citation CJ2
C25B,L,CESSNA,525B Citation CJ3
C25C,M,CESSNA,525C Citation CJ4
C25M,L,CESSNA,525 Citation M2
C270,L,CAUDRON,"C270 Luciole, C272/275"
C27J,M,ALENIA,C27J Spartan
C295,M,CASA,C295
C303,L,AVIONES COLOMBIA,T303
C30J,M,LOCKHEED MARTIN,"C130J, EC130J, KC130J, WC130J Hercules (C4/5)"
C310,L,AVIONES COLOMBIA,310
C311,L,CEA,CEA-311 Anequim
C320,L,CESSNA,320 (Executive)Skyknight
C335,L,CESSNA,335
C336,L,CESSNA,336 Skymaster
C337,L,AVIONES COLOMBIA,337
C340,L,AVIONES COLOMBIA,340
C365,L,EKW,C3605
C402,L,AVIONES COLOMBIA,402
C404,L,CESSNA,404 Titan
C411,L,CESSNA,411
C414,L,AVIONES COLOMBIA,414
C42,L,IKARUS,Bison
C421,L,CESSNA,"421, Golden Eagle, Executive Commuter"
C425,L,CESSNA,"425 Corsair, Conquest 1"
C441,L,CESSNA,"441 Conquest, Conquest 2"
C46,M,CURTISS,C46 Commando (CW20)
C5,H,LOCKHEED,C5 Galaxy (L500)
C500,L,CESSNA,"500 Citation, Citation 1"
C501,L,CESSNA,501 Citation 1SP
C510,L,CESSNA,Citation Mustang
C525,L,CESSNA,525 CitationJet Citation CJ1
C526,L,CESSNA,526 CitationJet
C550,L,CESSNA,"550, S550, 552 Citation 2/S2/Bravo (T47, U20)"
C551,L,CESSNA,551 Citation 2SP
C55B,L,CESSNA,550B Citation Bravo
C560,M,CESSNA,"560 Citation 5/5 Ultra/5 Ultra Encore (UC35.OT47, TR20)"
C56X,M,CESSNA,560XL Citation Excel
C650,M,CESSNA,650 Citation 3/6/7
C680,M,CESSNA,680 Citation Sovereign
C68A,M,CESSNA,680A Citation Latitude
C700,M,CESSNA,Citation Longitude
C72R,L,CESSNA,172RG
C750,M,CESSNA,750 Citation 10
C77R,L,AVIONES COLOMBIA,177RG
C82,M,"FAIRCHILD, US",C82 Packet (F78)
C82R,L,AVIONES COLOMBIA,R182
C82S,L,CESSNA,T182 Turbo Skylane
C82T,L,CESSNA,TR182 Turbo Skylane RG
C919,M,COMAC,C919
C97,M,BOEING,C97 Stratofreighter
CA10,M,AEROCOMP,Comp Air 10
CA1T,M,AEROCOMP,Comp Air 10T
CA25,L,"COMMONWEALTH,  AUSTRALIA",CA25 Winjeel
CA3,M,AEROCOMP,Comp Air 3
CA4,M,AEROCOMP,"Comp Air 4, Comp Monster"
CA6,M,AEROCOMP,Comp Air 6
CA61,L,CVJETKOVIC,CA61 Mini Ace
CA65,L,CVJETKOVIC,"CA65, Skyfly"
CA7,M,AEROCOMP,Comp Air 7
CA7T,M,AEROCOMP,Comp Air 7T
CA8,M,AEROCOMP,Comp Air 8
CAML,L,SOPWITH,"Camel, Replica"
CAMP,L,GREGA,GN1 Aircamper
CAN4,L,CAMPANA,AN4
CAPL,L,CAPELLA,Capella
CAR,L,AEROCAR,Aerocar
CARV,M,AVIATION TRADERS,ATL98 Carvair
CASS,L,CASSUTT,Special
CAT,L,BOEING CANADA,"PBY Catalina, Canso"
CAW,L,CESSNA,AW
CB1,L,HATZ,CB1 Biplane
CCOP,L,CARTERCOPTERS,Cartercopter
CD2,L,CLAUDIUS DORNIER,CD2 Seastar
CDC6,L,CESSNA,DC6
CDW1,L,CHILTON,DW1
CE15,M,CHERNOV,Che15
CE22,L,CHERNOV,Che22 Corvette
CE25,L,CHERNOV,Che25
CE43,L,CERVA,CE43 Guepard
CEGL,L,CELAIR,Eagle 300
CELR,L,MIRAGE,Celerity
CENT,L,FOUND,100 Centennial
CG3,L,CAUDRON,G3
CH1,L,AIDC,"TCH1, ACH1, RCH1 ChungTsing"
CH10,L,ZENAIR,"CH100 MonoZénith, MonoZ"
CH15,L,ZENAIR,CH150 AcroZénith AcroZ
CH18,L,ZENAIR,"CH180 Super AcroZénith, Super AcroZ"
CH20,L,HEINTZ,CH200 Zénith
CH25,L,ZENAIR,CH250 Zénith
CH2T,L,AMD,"CH2000/2T Zenith, Alarus"
CH30,L,ZENAIR,"CH300 TriZénith, TriZ"
CH40,L,CHAMPION,402 Lancer
CH50,L,ZENAIR,"CH50 Mini Zénith, MiniZ"
CH60,L,CZAW,CH601 Zodiac
CH62,L,ZENAIR,CH620 Gemini
CH64,M,AMD,CH640 Zodiac
CH70,L,CZAW,CH701 Stol
CH7A,L,AERONCA,"7AC/BCM/CC/CCM/DC/EC Champion,Traveler (L16)"
CH7B,L,AMERICAN CHAMPION,7GCBC Citabria Adventure/Explorer
CH80,M,ZENAIR,CH801 Stol
CHCS,M,NOIN,Choucas
CHGO,L,KOREAN AIR,CHK91 ChangGong 91
CHIP,M,LEGER,SuperChipmunk
CHR1,L,ELMWOOD,CA05 Christavia Mk1
CHR4,L,ELMWOOD,CH8 Christavia Mk4
CJ1,L,CORBY,CJ1 Starlet
CJ6,L,HONGDU,"CJ6, PT6"
CJET,L,"CENTURY AEROSPACE, US","Century Jet, CA100"
CKUO,M,AIDC,FCK1ChingKuo
CL2P,M,CANADAIR,CL215 (UD13 (piston engine))
CL2T,M,CANADAIR,CL215T/415 SuperScooper (UD13 (turbine))
CL30,M,BOMBARDIER,BD100 Challenger 300
CL35,M,BOMBARDIER,Challenger 350
CL41,L,CANADAIR,CL41 Tutor (CT114)
CL44,M,CANADAIR,CL44 Forty Four
CL4G,M,CANADAIR,CL44O Guppy
CL60,M,BOMBARDIER,"CL600 Challenger 600/601/604 (CC144, CE144)"
CL8,L,CARRIOU,CL8 RSA Club
CLA,L,CALLAIR,A2/3/4
CLB1,L,AERO COMMANDER,B1 Ag Commander
CLBR,L,FISHER,Celebrity
CMAS,L,CESSNA,"C34/37/38/145/165, Airmaster"
CMD1,M,AIR COMMAND,Commander 147
CMDE,M,AIR COMMAND,Commander Elite
CMDT,M,AIR COMMAND,Commander Tandem 618/Mazda
CN35,M,"AIRTECH, INDONESIA/SPAIN","CN235, Persuader (T19)"
CNBR,M,BAC,Canberra
CNDR,L,GENERAL AVIA,F20TP Condor
CNUK,L,FLEET,80 Canuck
COBR,M,DEBORDE­ROLLAND,Cobra
COL3,L,LANCAIR,"LC40, Columbia 300"
COL4,L,CESSNA,400 Corvalis TT 
COMT,M,DE HAVILLAND,DH106 Comet
COMU,L,HELICOM,H1 Commuter
CONC,H,AEROSPATIALE,Concorde
CONI,M,LOCKHEED,"L049/749/1049 Constellation, Super Constellation, Starliner (C121, RC121, EC121, VC121, WV, R7V, Warning Star)"
COOT,L,AEROCAR,"Coot, Super Coot"
CORR,L,SIVEL,SD27 Corriedale
CORS,M,CHANCE VOUGHT,"F4U, AU Corsair (V166)"
COUG,L,ACRO SPORT,Cougar
COUR,L,HELIO,"H391/392/395/250/295/700/800, HT295 Courier, StratoCourier, Super Courier (U10)"
COY2,L,RANS,S6 Coyote 2
COZJ,L,CO-Z,CozyJet
COZY,L,AEROCAD,AeroCanard
CP10,L,AKROTECH EUROPE,CAP10
CP13,L,CAARP,CP1310/1315/1330 Super Emeraude
CP20,L,CAARP,CAP20
CP21,L,MUDRY,CAP21
CP22,L,AKROTECH EUROPE,CAP222
CP23,L,AKROTECH EUROPE,CAP232
CP30,L,BINDER,CP301 Smaragd
CP32,L,ERPALS,CP320/324 Emeraude
CP60,L,PIEL,"CP60, CP601 to 608 Diamant, Super Diamant"
CP65,L,PORTERFIELD,CP65 Collegiate
CP75,L,PIEL,CP70/701/750/751/760 Béryl
CP80,L,PIEL,CP80/801/802 Zéphir
CP90,L,PIEL,CP90 Pinocchio
CPNA,L,PENA,Capena
CR10,L,DYN?AERO,CR100/110/120
CRA1,L,CRANFIELD,A1 Eagle
CRAC,L,PLUMB,CJ3 Cracker Jack
CRER,L,RANS,S7 Courier
CRES,L,NEW ZEALAND,Cresco
CRIO,M,MICROLEVE,Corsario
CRJ1,M,CANADAIR,"CL600 Regional Jet CRJ100, RJ100"
CRJ2,M,CANADAIR,"CL600 Regional Jet CRJ200, RJ200"
CRJ7,M,CANADAIR,CL600 Regional Jet CRJ700
CRJ9,M,CANADAIR,CL600 Regional Jet CRJ900
CRJX,M,BOMBARDIER,CRJ-1000
CRUZ,L,CZECH SPORT AIRCRAFT,SportCruiser
CT4,L,AESL,CT4 Airtrainer
CUB2,M,ACES HIGH,Cuby 2
CUCA,M,CULVER,"LAR, LCA, LFA, Cadet (PQ8/14)"
CULP,L,CULP,Special
CULV,M,CULVER,V
CULX,L,FISHER AERO,Culex
CV99,M,CONVAIR,CV990
CVLP,M,CONVAIR,"CV240/340/440 Convairliner, Metropolitan (C131, HC131, RC131, TC131, VC131F/G, T29, VT29, ET29, VT29,   Samaritan)"
CVLT,M,CANADAIR,"CL66, CV580 (CC109 Cosmopolitan)"
CYCL,L,CARLSON,Skycycle
D1,M,DERRINGER,New Derringer
D11,L,AERO­DIFUSION,"D112/119/1190S Popuplane, Compostela"
D139,M,DORNA,D139PT1 Blue Bird
D140,L,JODEL,"D140 Mousquetaire, Abeille"
D150,L,JODEL,D150 Mascaret
D18,L,JODEL,D18/19
D201,L,D?APUZZO,D201 Sportwing
D228,L,DORNIER,228
D25,M,NEW STANDARD,D25
D250,L,CENTRE EST,"DR200/250, Capitaine"
D253,L,CENTRE EST,DR253 Regent
D28D,L,DORNIER,"Do28D/D1/D2, 1282 Skyservant"
D28T,L,DORNIER,"Do28D6, 1286 Turbo Skyservant"
D31,L,DRUINE,D31 Turbulent
D328,L,DORNIER,328
D39,L,AKAFLIEG DARMSTADT,D39
D4,L,AUSTER,D4
D5,L,AUSTER,D5
D5TU,L,DRUINE,D5 Turbi
D6,L,AUSTER,D6
D6CR,L,DRUINE,D60/61/62 Condor
D7,L,FOKKER,"D7, Replica"
D8,L,FOKKER,"D8, Replica"
DA2,L,DAVIS,DA2
DA40,L,DIAMOND,"DA40 Katana, Diamond Star"
DA42,L,DIAMOND,DA42 Twinstar
DA5,L,DAVIS,DA5
DA62,L,DIAMOND,DA62
DAKH,L,FISHER,Dakota Hawk
DAL1,L,SPEZIO,DAL1 Tuholer
DART,M,PARRISH,Dart
DC10,H,MCDONNELL DOUGLAS,"DC10, MD10 (KC10 Extender, KDC10)"
DC2,M,DOUGLAS,DC2
DC3,L,DOUGLAS,"DC3, DST ( C41, C47, C47A to J, AC47, EC47, HC47, LC47,"
DC3S,L,DOUGLAS,"Super DC3 (C117D, LC117, TC117, VC117, R4D8)"
DC3T,M,BASLER,Turbo 67
DC4,M,DOUGLAS,"DC4 (C54, EC54, HC54, TC54, VC54, R5D Skymaster)"
DC6,M,DOUGLAS,"DC6 (C118, VC118, R6D Liftmaster)"
DC7,M,DOUGLAS,"DC7, Seven Seas"
DC85,H,DOUGLAS,"DC8-50, Jet Trader (EC24)"
DC86,H,DOUGLAS,DC8-60
DC87,H,DOUGLAS,DC8-70
DC8Q,H,DOUGLAS,DC8 Stage 3 (US ONLY)
DC91,M,DOUGLAS,DC9-10
DC92,M,DOUGLAS,DC9-20
DC93,M,DOUGLAS,DC9-30
DC94,M,DOUGLAS,DC9-40
DC95,M,DOUGLAS,DC9-50
DC9Q,M,DOUGLAS,DC9 Stage 3 (US ONLY)
DEAG,M,AMAX,Double Eagle
DEFI,L,RUTAN,40 Defiant
DFL6,L,DAMOURE­FABRE,DFL6 Saphir
DFLY,L,VIKING,Dragonfly
DG15,L,"HOWARD AIRCRFT, US","DGA15 (GH Nightingale, NH)"
DG1T,L,DG FLUGZEUGBAU,"DG-1000M, DG-1001M, DG-1001T"
DG40,L,GLASER­DIRKS,DG400
DG50,L,GLASER­DIRKS,DG500M
DG60,L,GLASER­DIRKS,DG600M
DG80,L,DG FLUGZEUGBAU,DG800
DH2T,L,DE HAVILLAND CANADA,DHC2 Mk3 Turbo Beaver
DH3T,M,DE HAVILLAND CANADA,DHC3 Turbo Otter
DH60,L,DE HAVILLAND,"DH60 Moth, Moth Major"
DH80,L,DE HAVILLAND,DH80 Puss Moth
DH82,L,DE HAVILLAND,"DH82 Tiger Moth, Queen Bee"
DH83,L,DE HAVILLAND,DH83 Fox Moth
DH85,L,DE HAVILLAND,DH85 Leopard Moth
DH87,L,DE HAVILLAND,DH87 Hornet Moth
DH88,L,DE HAVILLAND,"DH88 Comet, Replica"
DH89,L,DE HAVILLAND,DH89 Dragon Rapide
DH8A,M,DE HAVILLAND CANADA,"DHC8100 Dash 8 (E9, CT142, CC142)"
DH8B,M,DE HAVILLAND CANADA,DHC8200 Dash 8
DH8C,M,DE HAVILLAND CANADA,DHC8300 Dash 8
DH8D,M,DE HAVILLAND CANADA,DHC8400 Dash 8
DH90,L,DE HAVILLAND,DH90 Dragonfly
DH94,L,DE HAVILLAND,DH94 Moth Minor
DHA3,L,DE HAVILLAND AUSTRALIA,DHA3 Drover
DHC1,L,DE HAVILLAND,DHC1 Chipmunk
DHC2,L,"AIRTECH, CANADA",DHC2PZL3S Beaver
DHC3,L,"AIRTECH, CANADA",DHC3PZL3S/1000 Otter
DHC4,L,DE HAVILLAND CANADA,"DHC4 Caribou (C7, CV2)"
DHC5,M,DE HAVILLAND CANADA,"DHC5 Buffalo (C8, CV7, CC115, C115)"
DHC6,L,DE HAVILLAND CANADA,"DHC6 Twin Otter (UV18, CC138)"
DHC7,M,DE HAVILLAND CANADA,"DHC7 Dash 7 (O5, EO5, RC7)"
DIJ3,M,DIJKMAN­DULKES,Dijkhastar 3
DIMO,L,DIAMOND,"HK36 Super Dimona, Katana Xtreme"
DINO,L,GANZAVIA,GAK22 Dinó
DIPR,M,COLLINS,Dipper
DISC,L,SCHEMPP­HIRTH,Discus BT/BM
DJIN,L,SUD,SO1221 Djinn
DNGO,L,AERORIC,Dingo
DO27,L,CASA,C127 (U9)
DO28,L,DORNIER,Do28A/B (Agur)
DOCX,M,KOVACH­ELMENDORF,ES3 Doc's RX
DOVE,L,DE HAVILLAND,"DH104 Dove (Devon), Sea Devon"
DR1,L,FOKKER,"Dr1, Replica"
DR10,L,CENTRE EST,"DR100/105/1050/1051 Ambassadeur, Sicile, Sicile Record"
DR22,L,CENTRE EST,"DR220/221 Dauphin, 2+2"
DR30,L,CENTRE EST,"DR315/340/360/380 Petit Prince, Major,     Chevalier, Prince"
DR40,L,ROBIN,"DR400/500 Cadet, Chevalier, Dauphin 4/80/2+2, Earl, Major, Major 80, Petit Prince, President, Regent, Remo 180/200/212, Remorqueur, 2+2"
DRAG,L,CRAE,Dragon Fly
DRIF,M,AUSTFLIGHT,Drifter
DRTG,L,APPLEGATE & WEYANT,Dart GC
DSA1,L,"SMITH, FRANK W., US",DSA1 Miniplane
DSK,L,KILLINGSWORTH,"DSK1/2 Hawk, Golden Hawk"
DSLK,L,DRIGGS,Skylark
DUB2,L,DUBNA,2 Osa
DUCE,L,BAKENG,Duce
DUR5,L,DURAND,Mk5
DV20,L,DIAMOND,"DA20/22, DV20 Katana, Speed Katana, Eclipse, Evolution"
DW1,L,BELLANCA,DW1 Eagle
DWD2,L,DEWOITINE,D26/27
E110,L,EMBRAER,"EMB110/111 Bandeirante (C95, EC95, P95, R95, SC95)"
E120,L,EMBRAER,EMB120 Brasilia (VC97)
E121,L,EMBRAER,"EMB121 Xingu (VU9, EC9)"
E135,M,EMBRAER,"EMB135 ECJ135, Legacy"
E145,M,EMBRAER,"EMB145, ERJ145 (R99)"
E170,M,EMBRAER,"170, 175, ERJ170"
E190,M,EMBRAER,"190, 195, ERJ190"
E195,M,EMBRAER,"195, ERJ-190-200"
E2,M,GRUMMAN,"E2, TE2 Hawkeye, Daya"
E200,L,EXTRA,200
E230,L,EXTRA,230
E275,M,EMBRAER,"E175-E2, ERJ-190-500"
E290,M,EMBRAER,"E190-E2, ERJ-190-300"
E295,M,EMBRAER,"E195-E2, ERJ-190-400"
E29E,L,BINDER,EB-29DE
E2CB,L,"TAYLOR AIRCRAFT, US",E2 Cub
E300,L,EXTRA,"300, 330, 350"
E314,M,EMBRAER,"EMB312H/314 Super Tucano, ALX (A29, AT29, YA29)"
E35L,M,EMBRAER,Legacy 650
E3CF,H,BOEING,"E3A (CFM56), E3D/F, Sentry"
E3TF,H,BOEING,"E3A (TF33), E3B/C, JE3, Sentry"
E400,L,EXTRA,400
E45X,M,EMBRAER,EMB145XR
E50P,L,EMBRAER,Phenom 100
E550,M,EMBRAER ,EMB-550 Legacy 500
E55P,L,EMBRAER,EMB-505 Phenom 300
E6,H,BOEING,E6 Mercury
E75L,M,EMBRAER,ERJ-170-200 (long wing)
E75S,M,EMBRAER,ERJ-170-200 (short wing)
E767,H,BOEING,E767
EA40,L,ECLIPSE,E400
EA50,L,ECLIPSE,Eclipse 500
EAGL,L,AVIAT,Eagle
EAGT,L,AMEAGLE,American Eaglet
EAGX,L,EAGLE AIRCRAFT,Eagle XTS/100/150
EB29,L,BINDER,"EB-29, EB-29D"
EC20,L,EUROCOPTER,EC120 Colibri
EC25,L,EUROCOPTER,EC225/725
EC30,L,EUROCOPTER,EC130
EC35,L,EUROCOPTER,EC135/635
EC45,L,EUROCOPTER,EC145
EC55,L,EUROCOPTER,EC155
EC6,L,CROSES,"EC6/8 Criquet, Tourisme"
EC75,L,AIRBUS HELICOPTERS,EC-175
ECHO,L,TECNAM,"P92 Echo, SeaSky"
EDGE,M,ZIVKO,Edge 540
EGRT,L,GROB,"G520, D500 Egrett 2, Strato 1"
EH10,L,AGUSTA,EH101
ELF,L,PARNALL,Elf
ELIT,L,EPIC,Elite
ELPS,M,EXPLORER AVIATION,Ellipse
ELST,L,PUTZER,Elster
ELTO,L,CONTINENTAL COPTERS,El Tomcat
ELTR,M,ELITAR,IE100 Elitar
EN28,L,ENSTROM,"F28, 280, Shark, Falcon, Sentinel"
EN48,L,ENSTROM,"480, TH28"
EP9,L,EDGAR PERCIVAL,EP9
EPER,L,EPERVIER,Epervier
EPIC,L,EPIC,Dynasty / LT / E-1000
ERAC,M,DICKEY,ERacer
ERCO,L,AIR PRODUCTS,F1 Aircoupe
ES13,M,EARLY BIRD,Spad 13 80%
ESCA,L,EPIC,Escape
ESQL,L,MOURA,Esqualo
ETA,L,BINDER,Eta
ETAR,M,DASSAULT,Etendard 4
EUFI,M,ALENIA,"Eurofighter 2000, Typhoon"
EUPA,L,EUROPA AVIATION,Europa
EURT,L,FFT,Eurotrainer 2000
EVAN,L,EVANGEL,4500 Evangel
EVIC,L,EPIC AIRCRAFT,Epic Victory
EX3R,M,AEA,Explorer 350R
EX5T,M,EXPLORER AIRCRAFT,Explorer 500T
EXEC,L,ROTORWAY,Exec
EXPL,L,BOEING,"MD902 Explorer, Combat Explorer"
EXPR,L,EXPRESS,"90, Express, Express 2000, Express 2000RG, Loadmaster"
EZFL,M,AEROCOMP,EZ Flyer
EZFT,M,BLUE YONDER,Twin EZ Flyer
EZKC,M,BLUE YONDER,EZ King Cobra
F1,M,MITSUBISHI,F1
F100,M,FOKKER,100
F104,M,AERITALIA,F104 Starfighter
F106,M,CONVAIR,QF106 Delta Dart
F111,M,GENERAL DYNAMICS,"F111, EF111, RF111 Aardvark, Raven"
F117,M,LOCKHEED,F117 Nighthawk
F14,M,GRUMMAN,F14 Tomcat
F15,M,BOEING,"F15 Eagle, Ra?am"
F156,L,FIESELER,Fi156 Storch
F16,M,FOKKER,F16 Fighting Falcon
F16X,M,GENERAL DYNAMICS,F16XL Fighting Falcon
F18,M,BOEING,"F18, ATF18 Hornet"
F18H,M,BOEING,HORNET
F18S,M,BOEING,SUPER HORNET
F2,M,MITSUBISHI,F2
F22,M,BOEING,F22 Raptor
F260,L,AERMACCHI,"SF260E/F, Warrior"
F26T,L,AERMACCHI,SF260TP
F27,M,CONAIR,F27 Firefighter
F28,M,FOKKER,F28 Fellowship
F2TH,M,DASSAULT,Falcon 2000
F35,M,LOCKHEED MARTIN,F-35A/C
F3F,L,GRUMMAN,"F3F (G11/32), Replica"
F4,M,IAI,F4 Kurnass
F406,L,CESSNA,"F406 Caravan 2, Vigilant"
F5,L,AIDC,F5 ChungCheng
F50,M,FOKKER,"50, Maritime Enforcer"
F60,M,FOKKER,60
F600,L,GENERAL AVIA,F600
F70,M,FOKKER,70
F8,M,CHANCE VOUGHT,"F8, RF8, F8U Crusader"
F86,M,CANADAIR,CL13 Sabre
F8L,L,AEROMERE,F8L Falco
F900,M,DASSAULT,"Falcon 900, Mystère 900"
F9F,L,GRUMMAN,F9F Panther (G79)
FA10,M,DASSAULT,"Falcon 10, Mystère 10"
FA11,L,"FAIRCHILD, CANADA",F11 Husky
FA20,M,DASSAULT,"Falcon 20, Mystère 20 (T11, TM11)"
FA24,L,"FAIRCHILD, US","F24 (UC61, JK, Forwarder, Argus)"
FA50,M,DASSAULT,"Falcon 50, Mystère 50"
FA5X,M,DASSAULT,Falcon 5X
FA62,L,"FAIRCHILD, US","M62 (PT19/23/26, T19 Cornell)"
FA7X,M,DASSAULT,Falcon 7X
FA8X,M,DASSAULT,Falcon 8X
FALM,L,MILES,M3 Falcon Major
FANL,L,RHEIN,FL1 Fanliner
FANT,L,RHEIN,Fantrainer
FB1A,L,BOWERS,Fly Baby 1A
FB1B,L,BOWERS,Fly Baby 1B
FBA2,L,FOUND,"FBA2, Bush Hawk"
FBIR,L,FREEWING,Freebird
FDCT,M,FLIGHT DESIGN,CT
FE51,L,FIGHTER ESCORT WINGS,P51
FF82,M,AMERICAN UTILICRAFT,FF1080200 Freight Feeder
FFLY,L,FAIREY,Firefly
FG01,L,FARIGOUX,FG01 Origan
FH11,L,FAIRCHILD HILLER,FH1100
FIBO,L,STARFIRE,Firebolt Convertible
FIKD,L,FIKE,D
FIKE,L,FIKE,E
FINC,L,FLEET,"10, 11, 16 (Finch)"
FJ10,M,AEROSTAR AIRCRAFT,FJ100
FL3,L,"AVIA, ITALY",L3 Aviastarlet
FL53,L,METEOR,FL53
FL54,L,METEOR,FL54
FL55,L,METEOR,FL55
FLAM,L,DASSAULT,MD311/312 Flamant
FLE2,L,FLEET,2
FLE7,L,FLEET,7 (Fawn)
FN33,L,NARDI,FN333 Riviera
FNKB,L,AKRON,Funk B
FOOF,L,"STEWART, DONALD, US",JD2 Foo Fighter
FORT,L,FLEET,60 Fort
FOUG,L,AEROSPATIALE,CM170R Magister
FOX,L,DENNEY,Kitfox
FOXT,M,TEAM TANGO,Foxtrot4
FREE,L,CABRINHA,RC412 Free Spirit
FREL,M,AEROSPATIALE,SA321 Super Frelon
FRON,M,FRONTIER,Frontier MD2
FT30,L,NAI,FT300
FU24,L,AIR PARTS,Fletcher FU24
FURY,L,HAWKER,"Fury, Sea Fury"
FW44,L,FMA,Fw44 Stieglitz
FW90,L,FLUG WERK,"Fw190, Replica"
FX1,L,INNOVAVIATION,FX-1
G103,L,GROB,G103C Twin 3SL
G109,L,GROB,"G109, Ranger (Vigilant)"
G115,L,GROB,"G115A/B/C/D/E, Bavarian (Heron), Tutor"
G120,M,GROB,G120
G150,M,GULFSTREAM AEROSPACE,Gulfstream G150
G159,L,GRUMMAN,"G159 Gulfstream 1 (TC4 Academe, VC4)"
G15T,L,GROB,G115T Acro
G164,L,AERO MOD,G164 Super Ag Max
G180,L,GENERAL AIRCRAFT,G180 Skyfarer
G200,L,AKROTECH,G200
G202,L,AKROTECH,G202
G21,L,GRUMMAN,G21A/38/39 Goose (JRF)
G21M,L,MCKINNON,G21C/D Goose
G21T,L,MCKINNON,G21E/G Turbo Goose
G222,M,AERITALIA,G222
G250,M,GULFSTREAM AEROSPACE,Gulfstream G250
G280,M,GULFSTREAM AEROSPACE,Gulfstream G280
G2GL,L,SOKO,G2 Galeb (N60)
G2T1,L,WACO CLASSIC,"2T1 Sport Trainer, Sport"
G300,M,AKROTECH,G300
G44,L,GANNET,G44 Super Widgeon
G46,L,FIAT,G46
G4SG,L,SOKO,G4 Super Galeb (N62)
G59,L,FIAT,G59
G64T,L,AG­CAT,G164 Super Turbine
G70,L,GROPPO,G-70
G73,L,GRUMMAN,G73 Mallard
G73T,L,FRAKES,G73T Turbo Mallard
G800,L,AERODIS,G802 Orion
G850,M,GROB,G850 Strato 2C
G96,M,GRUMMAN,"C1, TF Trader (G96)"
GA20,L,GIPPSLAND,GA200 Fatman
GA5C,M,GULFSTREAM AEROSPACE,G-7 Gulfstream G500
GA6C,M,GULFSTREAM AEROSPACE,G-7 Gulfstream G600
GA7,L,GRUMMAN AMERICAN,GA7 Cougar
GA7C,M,GULFSTREAM AEROSPACE,Gulfstream G700
GA8,L,GIPPSLAND,GA8 Airvan
GABR,L,BLACKSHAPE,"Bk-160 Gabriel, BS-115 Gabriel"
GALX,M,IAI,"1126 Galaxy, Gulfstream 200"
GANT,M,FAIREY,Gannet
GAUN,L,GLOSTER,Gauntlet
GAVI,L,AERO MERCANTIL,358 Gavilan
GAZL,L,ABHCO,SA342 Gazelle
GBSP,L,BEETS,GB Special
GC1,L,GLOBE,GC1 Swift
GEMI,L,MILES,M65 Gemini
GF20,L,GROB,GF200
GL5T,M,BOMBARDIER,BD700 Global 5000
GL7T,M,BOMBARDIER,Global 7000/7500
GLAD,L,GLOSTER,Gladiator
GLAS,L,STODDARD­HAMILTON,Glasair
GLEX,M,BOMBARDIER,BD700 Global Express
GLF2,M,GRUMMAN,"G1159, G1159B Gulfstream 2/2B/2SP (C20J, VC11)"
GLF3,M,GULFSTREAM AEROSPACE,G1159A Gulfstream 3/SRA1 (C20A/B/C/D/E)
GLF4,M,GULFSTREAM AEROSPACE,"G1159C Gulfstream 4/4SP/SRA4 (C20F/G/H, S102, Tp102, U4)"
GLF5,M,GULFSTREAM AEROSPACE,G1159D Gulfstream 5 (C37)
GLF6,M,GULFSTREAM AEROSPACE,Gulfstream G650
GLID,----,-,Glider/Sailplane
GLST,L,STODDARD­HAMILTON,SH4 GlaStar
GLTU,L,STODDARD­HAMILTON,Turbine Glasair
GM01,M,YALO,GM01 Gniady
GNAT,L,FOLLAND,Fo144 Gnat
GOLF,L,TECNAM,P96 GOLF
GOOS,L,QUIKKIT,Glass Goose
GOTR,L,GLOSTER,Trainer
GP3,L,OSPREY,GP3 Osprey 2
GP4,L,OSPREY,GP4
GR51,M,EXCLUSIVE,Grand 51
GRAF,L,LUNDY,Graflite
GRIF,M,CANADA AIR,RV Griffin
GSIS,M,INNOVATION,"Genesis, Genesis Revelation"
GURI,L,AEROMOT,AMT600 Guri
GY10,L,GARDAN,GY100 Bagheera
GY20,L,CAB,GY20 Minicab
GY30,L,CAB,GY30 Supercab
GY80,L,GARDAN,GY80 Horizon
GYRO,----,-,Micro-/Ultralight autogyro
H111,M,CASA,2111
H12T,L,HILLER,UH12ET/E3T/E4T
H2,M,KAMAN,"SH2 Seasprite, Super Seasprite (K20, K894)"
H202,L,HB­AIRCRAFT,HB202 Fledger
H207,L,HB­FLUGTECHNIK,HB207 Alfa
H21,L,VERTOL,"H21, CH21 Shawnee, Work Horse (42, 43, 44)"
H25A,M,DE HAVILLAND,DH125
H25B,M,BRITISH AEROSPACE,"BAe 125-700/800 (C29, U125)"
H25C,M,BRITISH AEROSPACE,BAe 125-1000
H269,L,BREDANARDI,NH300
H40,L,HOFFMAN,H40
H43A,L,KAMAN,"H43A, HH43A, UH43, OH43, HUK, HOK (K600)"
H43B,M,KAMAN,HH43B/F Huskie (K6003/5)
H46,L,BOEING VERTOL,"CH46, HH46, UH46, Hkp4, CH113, Sea Knight, Labrador, Voyageur (107)"
H47,M,BOEING,"CH47, MH47 Chinook"
H500,L,AGUSTA,NH500
H53,M,SIKORSKY,"S65 (CH53A/C/D/G, HH53, MH53H/J, RH53, TH53, VH53, Sea"
H53S,L,SIKORSKY,"S80 (CH53E, MH53E Super Stallion, Sea Dragon)"
H60,L,ASTA,S70 Seahawk
H64,L,BOEING,AH64 Longbow Apache
H66,L,BOEING,RAH66 Comanche
HA2,L,HOLLMANN,HA2 Sportster
HA31,L,HINDUSTAN,HA31 Basant
HA4T,M,HAWKER BEECHCRAFT CORP,Hawker 4000
HAHU,L,SINDLINGER,HH1 Hawker Hurricane
HAR,M,ALENIA,AV8 Harrier
HAW3,M,GROEN,H2X Hawk 3
HAWK,M,BOEING,T45 Goshawk
HB21,L,BRDITSCHKA,"HB21 Hobbyliner, Hobbylifter"
HB23,L,BRDITSCHKA,"HB23 Hobbyliner, Scanliner"
HB3,L,BRDITSCHKA,HB3
HCAT,L,GRUMMAN,F6F Hellcat (G50)
HD34,M,HUREL­DUBOIS,HD34
HEAD,L,"STEWART, DONALD, US","JD1, SAC1 Headwind"
HERN,L,DE HAVILLAND,DH114 Heron
HF20,L,HFB,HFB320 Hansa
HI27,L,HIRTH,Hi27 Acrostar
HIND,L,HAWKER,Hind
HLD4,L,HALBERSTADT,"D4, Replica"
HM38,L,FALCONAR,HM380
HMNY,M,EVEKTOR­AEROTECHNIK,EV97VLA Harmony
HN70,L,NICOLLIER,HN700 Menestrel 2
HORN,L,WALLERKOWSKI,Hornisse
HORZ,L,FISHER,Horizon
HPR7,M,HANDLEY PAGE,HPR7 Herald
HPZL,M,HISTORICAL AIRCRAFT,PZL P11C
HR10,L,ROBIN,"HR100 Royal, Safari, Tiara, President"
HR20,L,ROBIN,"HR200, R200, Acrobin"
HROC,M,"HARMON, JAMES B",Rocket
HRYA,M,HISTORICAL AIRCRAFT,Ryan Trainer
HT16,L,HINDUSTAN,HJT16 Kiran
HT2,L,HINDUSTAN,HT2
HT32,L,HINDUSTAN,HPT32 Deepak
HT34,L,HINDUSTAN,HTT34
HU1,L,SHENYANG SAILPLANE,HU1 Seagull
HU2,L,SHENYANG SAILPLANE,HU2 Petrel
HUCO,L,BELL,"AH1E/F/P/S, TAH1, TH1S, HA14 HueyCobra (209)"
HUML,L,HUMMEL,Hummel Bird
HUMM,L,"AEROTEK, SOUTH AFRICA",Hummingbird
HUNT,M,HAWKER,Hunter
HURI,L,HAWKER,"Hurricane, Sea Hurricane"
HUSK,L,AVIAT,A1 Husky
HW4P,M,GROEN,Hawk 4 (piston)
HW4T,M,GROEN,Hawk 4 (turbine)
I103,L,ILYUSHIN,Il103
I114,M,ILYUSHIN,Il114
I115,L,AISA,I115
I11B,L,AISA,I11B Peque
I153,L,POLIKARPOV,I153
I16,L,POLIKARPOV,I16
I22,M,INSTYTUT LOTNICTWA,I22 Iryda
I23,L,INSTYTUT LOTNICTWA,"I23, Manager"
I3,L,INTERAVIA,I3
I66,L,IANNOTTA,I66 San Francisco
I828,L,ICA,IAR828
IA46,L,DINFIA,"IA46 Ranquel, Super Ranquel"
IA50,M,DINFIA,IA50 Guarani 2
IA51,L,DINFIA,IA51 Tehuelche
IA58,L,FMA,IA58 Pucará
IA63,L,FMA,IA63 Pampa
IFUR,L,ISAACS,Fury
IL14,M,"AVIA­ZAVODY, CZECH",Av14
IL18,M,ILYUSHIN,"Il18/20/22/24, Bizon, Zebra"
IL28,M,HARBIN,"H5, HJ5, HZ5"
IL38,M,ILYUSHIN,Il38
IL62,H,ILYUSHIN,Il62
IL76,H,ILYUSHIN,"Il76/78/82, Gajaraj"
IL86,H,ILYUSHIN,Il86/87
IL96,H,ILYUSHIN,Il96
IP26,L,IPAI,IPAI26 Tuca
IPAN,L,EMBRAER,EMB200/201/202 Ipanema (U19)
IR21,L,ICA,IAR821
IR22,L,ICA,IAR822/826
IR23,L,ICA,IAR823
IR24,L,ICA,IAR824
IR25,L,ICA,IAR825TP Triumf
IR27,L,BUCURESTI,"IAR827, Dacic"
IR28,L,ICA,"IS28MA, IAR28MA"
IR31,L,ICA,IAR831 Pelican
IR46,L,IAR,IAR46
IR99,L,AVIOANE,"IAR99/109 Soim, Swift"
IS2,L,INSTYTUT LOTNICTWA,IS2
IS28,L,IAR,IS28M2
ISPT,L,ISAACS,Spitfire
J1,L,AUSTER,"J1 Autocrat, Aiglet, Alpha, Workmaster, Kingsland"
J10,M,CHENGDU,"J10, F10"
J2,L,PIPER,J2 Cub
J3,L,CUB,"J3, L4 Cub, Prospector"
J328,M,FAIRCHILD DORNIER,"328JET, Envoy 3"
J4,L,PIPER,J4 Cub Coupe
J4B2,M,BARNETT,J4B2
J5,L,PIPER,"J5 Cub Cruiser (L14, AE)"
J728,M,FAIRCHILD DORNIER,"728JET, Envoy 7"
J8A,M,SHENYANG,"J81, F81"
J8B,M,SHENYANG,"J82, F82"
JAB2,L,JABIRU,J160/J170
JAB4,M,JABIRU,J200/J400
JABI,L,JABIRU,LSA/SK/SP/SPT/ST/ST3
JACE,L,ACE,Junior Ace
JAG,L,JAG HELICOPTERS,JAG2
JAGR,M,BAC,Jaguar
JAJ5,L,ALPHA,J5 Marco
JAJ6,L,J & AS,J6 Fregata
JANU,L,SCHEMPP­HIRTH,Janus BM/CM/CT
JARO,L,JACKAROO,Thruxton Jackaroo
JAST,L,SOKO,"J1, RJ1, TJ1 Jastreb (J21, IJ21, NJ21, TJ21)"
JB15,L,OBERLERCHNER,JOB15
JC01,L,COUPE,JC01
JC02,L,COUPE,JC02/200
JCOM,L,AERO COMMANDER,1121 Jet Commander
JCRU,L,AASI,Jetcruzer
JD2,L,DYKE,JD2 Delta
JDOE,M,AMERICAN HOMEBUILTS,John Doe
JE2,L,EICH,JE2 Gyroplane
JH7,M,XIAN,"JH7, B7, FBC1 Flying Leopard"
JN76,L,CAUDRON,"CR760, JN760 Cyclone, Replica"
JPM1,M,MARIE,"JPM01 Medoc, Tanagra"
JPRO,L,BAC,"145, 167 Jet Provost, Strikemaster"
JRC1,L,CHALARD,JRC01 Julcar
JS1,L,HANDLEY PAGE,HP137 Jetstream 1
JS20,L,HANDLEY PAGE,HP137 Jetstream 200 (T.Mk.1/2)
JS3,L,"CENTURY AIRCRAFT, US",Jetstream 3
JS31,M,BRITISH AEROSPACE,BAe3100 Jetstream 31 (T.Mk.3)
JS32,M,BRITISH AEROSPACE,BAe3200 Jetstream Super 31
JS41,L,AI (R),BAe4100 Jetstream 41
JSQA,L,GENERAL AVIA,F1300 Jet Squalus
JSX,L,SONEX,JSX SubSonex
JT2,L,"TAYLOR, JOHN F., US",JT2 Titch
JU52,M,CASA,352L
JUN1,L,KAMINSKAS,RK1 Jungster 1
JUN2,L,KAMINSKAS,RK2 Jungster 2
JUNR,L,ANDREASSON,"BA7, MFI9"
K126,L,ICA,Ka126
K226,L,KAMOV,Ka226
K250,L,"KESTREL AIRCRAFT, US",K250
K35A,H,BOEING,KC135A Stratotanker (J57 engines)
K35E,M,BOEING,KC135D/E Stratotanker (TF33 engines)
K35R,H,BOEING,"KC135R/T, C135FR, Stratotanker (CFM56 engines)"
K50,M,KOREA AIROSPACE,T50 Golden Eagle
K51,M,KOVACS,K51 Peregrino
K8,L,HONGDU,K8 Karakorum
KA25,L,KAMOV,Ka25
KA26,L,KAMOV,Ka26
KA27,L,KAMOV,Ka27/28/29/31/32
KA50,L,KAMOV,"Ka50 Werewolf, Black Shark"
KA52,L,KAMOV,Ka52 Alligator
KA62,L,KAMOV,"Ka60/62, Kasatka"
KAK1,L,KIEGER,AK1
KATB,M,KARI,Twinbee
KE3,H,BOEING,KE3
KEHA,L,"KESTREL SPORT AVIATION, CANADA","Sport Hawk, Float Hawk"
KELA,L,KELEHER,Lark
KELD,L,KELLY,D
KFAB,L,KITPLANES FOR AFRICA,"Bushbaby, Explorer, Safari"
KFAS,L,KITPLANES FOR AFRICA,Safari
KFIR,M,IAI,Kfir
KFIS,L,ANDERSON,EA1 Kingfisher
KH4,L,KAWASAKI,KH4
KIS2,L,TRI­R,KIS TR1/TD
KIS4,L,PULSAR,Super Cruiser
KITI,L,MITCHELL­PROCTER,Kittiwake
KIWI,L,TWI,Kiwi
KK60,L,KARI­KEEN,60 Coupe
KL07,L,BOLKOW,"Kl107, F207"
KL10,L,FLIGHT DESIGN-VESSEL,KLA-100
KL25,L,KLEMM,L25
KL35,L,KLEMM,Kl35
KM2,L,FUJI,"KM2, TL1"
KMAX,L,KAMAN,K1200 KMax
KNTW,L,PAYNE,"Knight Twister, Sunday Knight Twister"
KODI,L,QUEST AIRCRAFT COMPANY,Quest Kodiak
KOLL,L,KOLB,Laser
KR1,L,RAND,KR1
KR2,L,RAND,KR2
KR34,L,"FAIRCHILD, US",KR34 Challenger
KRAG,L,SOKO,P2 Kraguj (J20)
KRAH,L,ROCK,Krähe
KRIC,L,FLSZ,DK1 Der Kricket
KSTK,L,PHOENIX­AVIACOR,M12 Kasatik
KT1,L,DAEWOO,"KTX1, WoongBee, KT1"
KTOO,L,AMAX,J6 Karatoo
KZ2,L,"SAI, DENMARK","KZ2 Kupe, Traener"
KZ3,L,"SAI, DENMARK",KZ3
KZ4,L,"SAI, DENMARK",KZ4
KZ7,L,"SAI, DENMARK",KZ7 Laerke
KZ8,L,"SAI, DENMARK",KZ8
L10,L,LOCKHEED,L10 Electra (XR2O)
L101,H,LOCKHEED,L1011 TriStar
L11,L,LUSCOMBE,11A Sedan
L12,L,LOCKHEED,"L12 Electra Junior (C40, JO)"
L13,L,CONVAIR,L13
L13M,L,LET,L13 Blanik (singleengine conversions)
L13S,L,AEROTECHNIK,"L13SDL/SDM/SE/SEH/SL/SW Vivat, Super Vivat"
L14,M,LOCKHEED,"L14 Super Electra, Hudson"
L159,M,"AERO VODOCHODY, CZECH",L159
L18,M,"HOWARD AERO, US","250, 350"
L181,M,ASSOCIATED AIR,Liberty 181
L188,M,LOCKHEED,L188 Electra
L200,L,LET,L200 Morava
L29,L,"AERO VODOCHODY, CZECH",L29 Delfin
L29A,M,LOCKHEED,L1329 Jetstar 6/8
L29B,M,LOCKHEED,L1329 Jetstar 2/731
L37,M,"HOWARD AERO, US",500
L380,L,LEDERLIN,380 Ladybug
L39,L,"AERO VODOCHODY, CZECH",L39/139 Albatross
L40,L,ORLICAN,L40 Meta Sokol
L410,L,LET,L410/420 Turbolet
L5,L,STINSON,"L5, U19, OY Sentinel (V76)"
L59,L,"AERO VODOCHODY, CZECH",L59
L60,L,"AERO VODOCHODY, CZECH",L60 Brigadyr
L610,M,LET,L610
L70,L,VALMET,"L70 Miltrainer, Vinka"
L8,L,LUSCOMBE,"8, T8, 50, Master, Silvaire, Observer"
L90,L,AERMACCHI,M290TP Redigo
LA25,L,LAKE,"LA250/270 (Turbo)Renegade, Seawolf, Seafury"
LA4,L,LAKE,"LA4/200, Buccaneer"
LA60,L,AERMACCHI,"AL60, Conestoga, Trojan"
LACO,L,LAVEN,LACO125/145
LAKR,L,LASER,Akro Z
LAKX,L,AEROPLASTIKA,LAKX
LAMA,L,AEROSPATIALE,SA315 Lama
LANC,M,AVRO,683 Lancaster
LARK,L,NORTH AMERICAN  ROCKWELL,100 Lark Commander
LAST,L,UTVA,Lasta
LBUG,L,LIGHTNING BUG,Lightning Bug
LCA,M,ADA,LCA
LCB,L,LAIRD,LCB200 Commercial
LEG2,L,LANCAIR,Legacy
LEGD,L,PERFORMANCE,Legend
LEOP,L,CHICHESTER­MILES,Leopard
LGEZ,L,RUTAN,61 LongEZ
LIBE,M,LIBERTY,Bellaire
LION,M,GRIFFON,Lionheart
LJ23,L,LEAR JET,23
LJ24,L,GATES LEARJET,24
LJ25,L,GATES LEARJET,25
LJ28,L,GATES LEARJET,"28, 29"
LJ31,M,GATES LEARJET,31
LJ35,M,GATES LEARJET,"35, 36 (C21, RC35, RC36, U36)"
LJ40,M,LEARJET,40
LJ45,M,LEARJET,45
LJ55,M,GATES LEARJET,55
LJ60,M,LEARJET,60
LJ70,M,LEARJET,70
LJ75,M,LEARJET,"75, LIBERTY"
LJ85,M,LEARJET,85
LM5,L,LOMBARDI,LM5 Aviastar
LM5X,L,LIGHT MINIATURE,LM5 Super Cub
LM7,L,LOMBARDI,LM7
LMK1,L,CATA,LMK1 Oryx
LNC2,L,LANCAIR,Lancair 200/235/320/360
LNC4,L,LANCAIR,Lancair 4
LNCE,L,LANCAIR,"Lancair ES, Super ES"
LOAD,M,AYRES,LM200 Loadmaster
LOVE,L,LOVING­WAYNE,WR1 Love
LP1,M,LOPRESTI,LP1 Fury
LR2T,L,LOAD RANGER,2000
LS2,M,HAT,LS2
LS9,L,ROLLADEN­SCHNEIDER,LS9
LTNG,M,BAC,Lightning
LUL5,L,LUCAS,L5
LUL6,L,LUCAS,L6
LUL7,M,LUCAS,L7
LWIN,L,HOWARD HUGHES,Australian LightWing
LYNX,L,WESTLAND,"Lynx, Super Lynx, Battlefield Lynx (SH14)"
LYSA,L,NATIONAL STEEL,Lysander
M10,L,"AEROSTAR, US",90
M101,L,MYASISHCHEV,M101 Gzhel
M110,M,AVIAT,110 Special
M15,L,PZL­MIELEC,M15 Belphegor
M17,M,MYASISHCHEV,M17 Stratosfera
M18,L,PZL­MIELEC,M18 Dromader
M18T,L,MELEX,T45 Turbine Dromader
M200,L,AERO COMMANDER,200 Commander 200
M203,M,MYASISHCHEV,M203 Barsuk
M20P,L,"AEROSTAR, US","200, 201, 202, 220"
M20T,L,MOONEY,"M20K/M, Encore, Bravo, 231, 252, TLS, TSE (turbocharged engine)"
M21,L,PZL­MIELEC,M21 Dromader Mini
M22,L,MOONEY,"M22, Mustang"
M24,L,PZL­MIELEC,M24 Dromader Super
M26,L,PZL­MIELEC,"M26 Iskierka, Air Wolf"
M28,M,PZL­MIELEC,"An28, Skytruck"
M2HK,L,MILES,"M2 Hawk Major, Hawk Speed Six"
M308,L,GERMAN BIANCO,MB308
M309,M,ADAM,M309
M326,L,AERMACCHI,MB326
M339,L,AERMACCHI,MB339
M345,L,LEONARDO,"M-345, T-345"
M34V,L,MIL,Mi34VAZ
M360,M,AIRCRAFT TECHNOLOGIES,Meyer360
M4,L,MAULE,"M4 Bee Dee, Jetasen, Rocket, Astro Rocket, Strata Rocket"
M404,M,MARTIN,404
M5,L,MAULE,"M5, Strata Rocket, Lunar Rocket, Patroller"
M55,M,MYASISHCHEV,M55 Geophysica
M6,L,MAULE,M6 Super Rocket
M7,L,MAULE,"M7235/260, MT7235/260, MX7160/180/235, MXT7160/180"
M74,L,TEXAS HELICOPTER,M74 Wasp
M7T,L,MAULE,"M7420, MT7420, MX7420, MXT7420 Star Craft"
M8,L,MAULE,M8
MA1,L,EMAIR,"MA1 Paymaster, Diablo"
MA5,L,MARQUART,MA5 Charger
MAGI,L,MILES,M14 Magister
MAGN,L,AVID,Magnum
MAJR,L,FAIRTRAVEL,Cubmajor
MAKO,L,LANCAIR,Mako
MAMB,L,MELBOURNE,MA2 Mamba
MAME,L,AEROCOMP,Merlin
MARS,M,MARTIN,JRM Mars (170)
MAVR,L,AEA,Maverick
MC10,L,COLOMBAN,MC10/12/15 Cricri
MC23,M,IRKUT,MC-21-300
MC45,L,MEYERS,MAC145
MC90,L,MONOCOUPE,90
MCOU,L,CHRIS TENA,Mini Coupe
MCOY,L,MONTANA,Coyote
MCR1,L,COLOMBAN,MC100 Banbi
MCR4,L,DYN'AERO,MCR4
MCUL,M,KIMBALL,McCullocoupe
MD11,H,MCDONNELL DOUGLAS,MD11
MD3,L,DATWYLER,MD3 Swiss Trainer
MD52,L,BOEING,MD520N
MD60,L,BOEING,MD600N
MD81,M,MCDONNELL DOUGLAS,MD81
MD82,M,MCDONNELL DOUGLAS,MD82
MD83,M,MCDONNELL DOUGLAS,MD83
MD87,M,MCDONNELL DOUGLAS,MD87
MD88,M,MCDONNELL DOUGLAS,MD88
MD90,M,MCDONNELL DOUGLAS,MD90
ME08,L,MESSERSCHMITT,Bf108 Taifun
ME09,L,HISPANO,HA1112 Buchon
ME62,L,MESSERSCHMITT,"Me262, Replica"
MEAD,L,MEAD,Adventure
MERK,M,AVIATON,Merkury
MESS,L,MILES,M38 Messenger
METR,M,ARMSTRONG WHITWORTH,Meteor
MEXP,L,MERLIN,Explorer
MF10,L,MALMO,MFI10 Vipan
MF17,L,PAKISTAN,"Mushshak, Shahbaz, Super Mushshak Agile"
MG15,L,"AERO VODOCHODY, CZECH","S102/103, CS102"
MG17,L,CHENGDU,"JJ5, FT5"
MG19,M,GUIZHOU,"J6, F6"
MG21,M,"AEROSTAR SA, ROMANIA",MiG21 Lancer
MG23,M,HINDUSTAN,MiG27 Bahadur
MG25,M,MIKOYAN,MiG25
MG29,M,MAPO,MiG29/33
MG31,M,MAPO,MiG31
MG44,M,MIKOYAN,MiG 144
MGAT,L,MAPO,MiGAT
MGIC,M,KAISER FLUGZEUHBAU,Magic
MH02,L,HONDA­MISSISSIPPI,MH02
MH20,L,MITSUBISHI,MH2000
MI10,L,MIL,Mi10
MI14,L,MIL,Mi14
MI2,L,MIL,Mi2
MI24,L,MIL,Mi24/25/35
MI26,L,MIL,Mi26
MI28,L,MIL,Mi28
MI34,L,MIL,"Mi34, Mi34/C/P/S"
MI38,L,MIL,Mi38
MI4,L,HARBIN,"Z5, Xuanfeng"
MI6,L,MIL,Mi6/22
MI8,L,MIL,Mi8/9/17/19/171/172
MICO,L,MARMANDE,Microjet 200
MIDR,L,ACBA,ACBA8 Midour 2
MIMP,L,AEROCAR,MiniImp
MIMU,L,BUSHBY,MM1 Midget Mustang
MIR2,M,DASSAULT,Mirage 2000
MIR4,M,DASSAULT,Mirage 4
MIRA,M,ATLAS,Cheetah
MITE,L,MOONEY,"M18 Mite, Wee Scotsman"
MJ10,L,JURCA,MJ10 Spit
MJ12,M,JURCA,MJ12 P40
MJ1H,L,JURCA,MJ100 Spitfire Replica
MJ2,L,JURCA,MJ2/20/22 Tempête
MJ3,L,JURCA,MJ3 Dart
MJ4,L,JURCA,MJ4 Shadow
MJ5,L,JURCA,MJ5 Sirocco
MJ53,L,JURCA,MJ53 Autan
MJ55,M,JURCA,MJ55 Biso
MJ7,L,JURCA,MJ7 Gnatsum
MJ77,L,JURCA,MJ77 Gnatsum
MJ8,L,JURCA,MJ8 1Nine0
MJ80,M,JURCA,MJ80 FockeWulf FW190 Replica
MJ9,M,JURCA,MJ9
MJ90,M,JURCA,MJ90 Messerschmitt Bf109 Replica
MLER,L,ALANNE,MoottoriLerche
MMAC,L,MCCARLEY,MiniMac
MOL1,L,MOLNIYA,1
MONA,L,MILES,M17 Monarch
MONI,L,MONNETT,Moni
MOR2,L,MORRISEY,"2150, 2000, Nifty"
MOSP,L,MONG,Sport
MOSQ,M,DE HAVILLAND,DH98 Mosquito
MP20,L,PLAN,MP205/207 Busard
MR25,M,MURPHY,SR2500 Super Rebel
MR35,M,MURPHY,SR3500 Super Rebel
MRAI,L,MONNETT,Monerai P
MRAM,L,"HARMON, JAMES B",12 Mister America
MRF1,M,DASSAULT,Mirage F1
MS18,M,SOCATA,MS2000FG Morane
MS23,L,MORANE­SAULNIER,MS230
MS25,M,SOCATA,MS200RG Morane
MS30,M,SOCATA,MS300 Epsilon 2
MS31,L,MORANE­SAULNIER,MS315/317
MS73,L,MORANE­SAULNIER,MS733 Alcyon
MS76,L,DINFIA,MS760 Paris
MSAI,L,MORANE­SAULNIER,"AI, MoS27/29/30"
MT2,M,MITSUBISHI,T2
MU2,L,MITSUBISHI,"MU2, Marquise, Solitaire (LR1)"
MU23,L,AKAFLIEG MUNCHEN,Mü23 Saurier
MU30,L,MITSUBISHI,MU300 Diamond
MUS2,L,BUSHBY,M2 Mustang 2
MX1T,L,AEROANDINA,MXP-150 Kimbaya
MY12,L,MYLIUS,MY102 Tornado
MY13,L,MYLIUS,MY103 Mistral
MYA4,H,MYASISHCHEV,"M4, 3M"
MYS4,M,DASSAULT,MD454A Mystère 4A
N110,L,NORD,"1101, 1102 Noralpha, Ramier"
N120,L,NORD,1200 to 1204 Norecrin
N250,M,NUSANTARA,N250
N260,L,MAX HOLSTE,MH260 Super Broussard
N262,L,AEROSPATIALE,"N262, Frégate, Mohawk 298"
N3,L,NOSTALGAIR,"N3 Super Pup, Citabriette"
N320,L,NORD,3202
N340,L,NORD,3400
N3N,L,NAVAL AIRCRAFT FACTORY,N3N
N5,L,HONGDU,N5
NA40,L,UNIS,NA40 Bongo
NAL2,L,NAL,NALLA2 Hansa
NAVI,L,NORTH AMERICAN,"NA145/154 Navion (L17, U18)"
NC85,L,NORD,NC854/858
ND1T,L,NDN,NDN1T Turbo Firecracker
NDIC,L,NORMAN,Nordic
NH90,L,NHI,NH90
NIBB,L,AVIAMILANO,F14 Nibbio
NIM,M,BRITISH AEROSPACE,Nimrod
NIMB,L,SCHEMPP­HIRTH,Nimbus 2M/3DM/3DT/3T/4T/4DT/4DM/4M
NIPR,L,AVIONES FAIREY,T66 Nipper
NMCU,L,ENAER,ECH02 Namcu
NOMA,L,GAF,"N2/22/24 Nomad, Floatmaster, Missionmaster, Searchmaster"
NORA,M,NORD,2501 to 2508 Noratlas
NORS,L,CCF,Norseman
NPOR,M,REDFERN,Nieuport 17/24
NSTR,L,CUSTOM FLIGHT,North Star
NT10,L,NUWACO,T10
O1,L,CESSNA,"O1, TO1, OE, L19, TL19 Bird Dog (305, 321)"
O3,L,LOCKHEED,YO3
OH1,L,KAWASAKI,OH1
OM1,L,MORRISEY,OM1 Bravo
OMAG,M,O'NEILL,Magnum
OMGA,L,ISAE,Omega 2
OMLA,L,OMAC,Laser 300
OPCA,L,BROOKLANDS,OA7 Optica Scout
OSCR,L,AFIC,RSA200 Falcon
OVOD,M,VITEK,Ovod
OZZI,L,BUCHANAN,BAC204 Ozzie Mozzie
P060,L,POTEZ,60
P06T,L,TECNAM,P2006T
P100,L,POTTIER,P100
P130,L,POTTIER,P130
P136,L,PIAGGIO,P136
P148,L,PIAGGIO,P148
P149,L,FOCKE­WULF,FWP149
P180,L,PIAGGIO,P180 Avanti
P19,L,AVIAMILANO,P19 Scricciolo
P1HH,L,PIAGGIO,P-1HH Hammerhead
P2,M,LOCKHEED,"P2D to H, SP2, P2V Neptune (L426/726/826)"
P210,L,AVIONES COLOMBIA,P210
P220,L,AERO (3),P220AT1/2/3
P230,L,POTTIER,P230 Panda
P270,L,POTTIER,P270
P28A,L,PIPER,"PA28-140/161/180/181 Archer, Cherokee, Cherokee Archer/Cruiser/ Warrior, Warrior"
P28B,L,PIPER,"PA28-201T/235/236 Cherokee, Cherokee Charger/Pathfinder, Dakota, Turbo Dakota"
P28R,L,PIPER,"PA28R Cherokee Arrow, Turbo Arrow 3"
P28S,L,PIPER,"PA-28R-201T Turbo Cherokee Arrow 3, PA-28R-201T Turbo Arrow 3"
P28T,L,PIPER,PA28RT Turbo Arrow 4
P2J,M,KAWASAKI,"P2J, EP2J, UP2J Neptune"
P3,M,KAWASAKI,"P3, EP3, UP3 Orion"
P32R,L,PIPER,"PA32R Lance, Turbo Saratoga SP"
P32T,L,PIPER,PA32RT Turbo Lance 2
P337,L,CESSNA,"T337G, P337 Pressurised Skymaster"
P38,M,LOCKHEED,"P38, F5 Lightning (L222/322/422)"
P39,L,BELL,P39 Airacobra
P40,L,CURTISS,"P40, TP40 Warhawk, Kittyhawk"
P46T,L,JETPROP,DLX
P47,M,REPUBLIC,"P47, F47 Thunderbolt"
P4Y,M,CONVAIR,"PB4Y, P4Y Privateer"
P50,L,POTTIER,P50 Bouvreuil
P51,L,"COMMONWEALTH,  AUSTRALIA",CA18 Mustang
P57,L,PARTENAVIA,P57 Fachiro 2
P60,L,POTTIER,P60 Minacro
P61,M,NORTHROP,P61 Black Widow
P63,L,BELL,P63 Kingcobra
P66P,L,PIAGGIO,"P166, P166A/B/C/DL2/M/S, Portofino,     Albatross"
P66T,L,PIAGGIO,P166DL3/DP1
P68,L,PARTENAVIA,"P68, Victor, Observer"
P68T,L,PARTENAVIA,AP68TP300 Spartacus
P70,L,POTTIER,P70
P80,L,POTTIER,P80
P808,L,PIAGGIO,PD808
P82,M,NORTH AMERICAN,"P82, F82 Twin Mustang"
PA11,L,PIPER,PA11 Cub Special (L18B)
PA12,L,PIPER,PA12 Super Cruiser
PA14,L,PIPER,PA14 Family Cruiser
PA15,L,PIPER,PA15 Vagabond
PA16,L,PIPER,PA16 Clipper
PA17,L,PIPER,"PA17 Vagabond, Vagabond Trainer"
PA18,L,PIPER,"PA18 Super Cub (L18C, L21, U7)"
PA20,L,PIPER,PA20 Pacer
PA22,L,PIPER,"PA22 TriPacer, Caribbean, Colt"
PA23,L,"MILLER, US",Jet Profile
PA24,L,PIPER,PA24 Comanche
PA25,L,CHINCUL,PAA25 Pawnee
PA27,L,CHINCUL,PAA23250 Aztec
PA30,L,PIPER,PA30 Twin Comanche
PA31,L,PIPER,"PA31 Navajo, Navajo Chieftain, Chieftain"
PA32,L,PIPER,"PA32 Cherokee Six, Six, Saratoga, Turbo Saratoga"
PA34,L,PIPER,PA34 Seneca
PA36,L,PIPER,PA36 Pawnee Brave
PA38,L,PIPER,PA38 Tomahawk
PA44,L,PIPER,PA44 Seminole
PA46,L,PIPER,"PA46310P/350P Malibu, Malibu Mirage"
PACE,L,BELLANCA,"CH-300 Pacemaker, CH-400 Skyrocket"
PANT,L,ROTEC,"Panther Plus, Sea Panther, Panther 2"
PARL,M,PIETENPOL,Aerial
PAT4,L,NEIVA,NE821 Caraja
PAUL,L,NEIVA,56 Paulistinha (L6)
PAY1,L,CHINCUL,PAA31T1500 Cheyenne 1
PAY2,L,PIPER,PA31T620/T2620 Cheyenne 2
PAY3,L,PIPER,PA42720 Cheyenne 3
PAY4,L,PIPER,PA421000 Cheyenne 400
PC12,L,PILATUS,"PC12, Eagle"
PC21,L,PILATUS,PC-21
PC24,M,PILATUS,PC-24
PC6P,L,PILATUS,PC6 Porter
PC6T,L,FAIRCHILD HILLER,PC6 HeliPorter (AU23 Peacemaker)
PC7,L,ATLAS,PC7 Astra
PC9,L,HAWKER DE HAVILLAND,PC9
PDIG,M,VSTOL,Pairadigm
PEGA,L,GENERAL AVIA,F20 Pegaso
PEGZ,L,PEGASE AERO,Pegazair
PELI,L,ULTRAVIA,Pelican Club
PEMB,L,HUNTING,P66 Pembroke
PETR,M,BILLIE,Petrel
PGEE,L,HOLCOMB,Perigee
PGK1,L,WESTERN,PGK1 Hirondelle
PHIL,L,VTOL AIRCRAFT,Phillicopter
PICO,L,EUROSPACE,F15 Excalibur
PILL,L,CASA,T35 Pillán (E26 Tamiz)
PILO,L,TECHNOFLUG,Piccolo
PINO,L,GENERAL AVIA,"F22 Pinguino, Pinguino Sprint"
PIPA,L,PIPISTREL,Panthera
PK11,L,PIK,PIK11 Tumppu
PK15,L,PIK,PIK15 Hinu
PK18,L,PIK,PIK18 Sytky
PK19,L,PIK,PIK19 Muhinu
PK20,L,EIRI,PIK20E
PK21,L,PIK,PIK21 Super Sytky
PK23,L,PIK,"PIK23 Towmaster, Suhinu"
PKAN,L,UETZ,U3M/4M Pelikan
PL1,L,PAZMANY,PL1 Laminar
PL12,L,FLIGHT ENGINEERS,PL12 Airtruk
PL2,L,PAZMANY,PL2
PL4,L,PAZMANY,PL4
PL9,L,PAZMANY,PL9 Stork
PLUS,L,"TAYLORCRAFT AEROPLANES, UK",Plus C/D (Auster 1)
PNR3,L,ALPI,Pioneer 300
PO2,L,CSS,CSS13
POLI,L,ALVAREZ,Polliwagen
PONY,L,REDA,Pony
PP2,L,PILATUS,P2
PP3,L,PILATUS,P3
PPRO,L,HUNTING,P56 Provost
PRCE,L,PERCIVAL,P57 Sea Prince
PREN,L,PERCIVAL,P40 Prentice
PREX,L,PRIVATE EXPLORER,Private Explorer
PRIM,L,BLACKSHAPE,Bk-100 Prime
PRM1,L,HAWKER BEECHCRAFT CORP,"Premier 1, 390"
PROC,L,PERCIVAL,P28/30/31/34/44 Proctor
PROW,L,MORSE,"364, Prowler, Jaguar"
PRPR,L,HOWARD HUGHES,Pocket Rocket PR-582
PRTS,L,RUTAN,281 Proteus
PSW4,L,PZL-SWIDNIK,AW-009
PT21,M,POTTIER,P210 Coati
PT22,L,RYAN,PT22 Recruit (ST3KR)
PT70,L,POTTIER,P170
PT80,L,POTTIER,P180
PTRL,L,NASH,Petrel
PTS1,L,"AEROTEK, US",Pitts S1 Special
PTS2,L,"AEROTEK, US",Pitts S2 Special
PTSS,L,AVIAT,S111 Super Stinker
PULS,L,AERO DESIGNS,Pulsar
PUMA,M,AEROSPATIALE,"SA330 Puma (CH33, HT19)"
PUP,L,BEAGLE,B121 Pup
PURS,L,RANS,S11 Pursuit
PUSH,L,PRESCOTT,Pusher
PV9,M,VAN'S,RV9
PW4,L,POLITECHNIKA WARSZAWSKA,PW4
PZ01,L,LIPNUR,PZL101 Gawron
PZ02,L,PZL­OKECIE,PZL102 Kos
PZ04,L,LIPNUR,Gelatik
PZ05,L,PZL­OKECIE,PZL105 Flaming
PZ06,L,PZL­OKECIE,PZL106A/AR/AS/B/BR/BS Kruk
PZ26,L,AGROLOT,PZL126 Mrówka
PZ3T,L,PZL­OKECIE,PZL130 Orlik
PZ4M,L,PZL­OKECIE,PZL104M Wilga 2000
PZ6T,L,PZL­OKECIE,"PZL106AT/BT Turbo Kruk, Turbo Javelin"
Q1,L,GENERAL ATOMICS,"MQ-1 Gray Eagle, MQ-1 Predator, MQ-1 Warrior, RQ-1 Predator"
Q4,M,NORTHROP GRUMMAN,"EQ-4 Global Hawk, MQ4- Triton, RQ-4 EuroHawk, RQ-4 Global Hawk"
Q5,M,HONGDU,"Q5, A5"
Q9,L,GENERAL ATOMICS,"MQ-9 Guardian, MQ-9 Ikhana, MQ-9 Predator B, MQ-9 Reaper"
QAIL,L,AEROSPORT,Quail
QEST,L,OMNI­WELD,Questor
QIC2,L,QUICKIE,Quickie Q2/Q200
QUIC,L,QUICKIE,Quickie
R100,L,ROBIN,R1180 Aiglon
R109,L,AIRCRAFT SPRUCE,DR109
R11,L,RUPERT,R11
R135,H,BOEING,RC135
R2,L,SAU,R02 Robert
R200,L,ROBIN,"R2100/2112/2160, Alpha, Alpha Sport, Super Club"
R22,L,ROBINSON,"R22 Beta, Mariner"
R2TH,L,DASA,"FR06 FanRanger, Ranger 2000"
R300,L,ROBIN,R300/3000/3100/3120/3140
R4,L,SIKORSKY,"R4, H4 Hoverfly"
R44,L,ROBINSON,"R44 Astro, Clipper, Raven"
R66,L,ROBINSON,R-66
R721,M,BOEING,727100RE SUPER 27
R722,M,BOEING,727200RE SUPER 27
R90F,L,RUSCHMEYER,R90230FG
R90R,L,RUSCHMEYER,"R90230RG, MF85"
R90T,L,RUSCHMEYER,R90420AT
RA14,L,ADAM (1),RA14 Loisirs
RA17,L,ADAM (1),RA17
RAF2,M,ROTARY AIR FORCE,RAF2000
RAIL,L,AEROSPORT,Rail
RALL,L,MORANE­SAULNIER,"MS880 to 893 Rallye, Rallye Club, Super Rallye, Rallye Commadore"
RANG,L,NAVION,Rangemaster
RAVN,M,WOLFSBERG,Raven 257
RAZM,L,SAINT GERMAIN,RazMut
RBEL,L,MURPHY,"Rebel, Rebel Elite"
RC3,L,REPUBLIC,RC3 Seabee
RC70,L,FUJI,FA300
RD03,L,DURUBLE,RD03 Edelweiss
RD20,M,DENIZE,RD20/205 Raid Driver
RDH2,M,REDFERN,DH2
RELI,L,STINSON,"SR, V77 Reliant (AT19)"
RF10,L,AEROMOT,"AMT100/200/300 Ximango, Super Ximango, Turbo Ximango Shark"
RF3,L,ALPAVIA,RF3
RF4,L,ALPAVIA,RF4
RF47,L,ARC ATLANTIQUE,RF47
RF5,L,AERO JAEN,RF5 Serrania
RF6,L,FOURNIER,RF6
RF9,L,ABS,RF9
RFAL,M,DASSAULT,Rafale
RGNT,L,NEIVA,"N591/592 Regente (C42, L42)"
RJ03,M,JUNQUA,RJ03 Ibis
RJ1H,M,AI (R),RJ100 Avroliner
RJ70,M,BRITISH AEROSPACE,RJ70
RJ85,M,AI (R),RJ85 Avroliner
RLU1,L,RLU,RLU1 Breezy
RMOU,L,HILLBERG,EH101 Rotormouse
RODS,L,AIRCRAFT SPRUCE,DR107 One Design
ROND,L,AMBROSINI,F4 Rondone
ROSE,L,MAUPIN,Windrose
RP1,L,MITSUBISHI,RP1
RPUP,M,LITTLE WING,LW2+2 RotoPup
RS12,M,RANS,"S12 Airaile, Super Airaile"
RS18,L,SPORTAVIA­PUTZER,RS180 Sportsman
RTA4,L,RTAF,RTAF4 Chandra
RUBI,L,SCINTEX,ML250 Rubis
RV3,L,VAN?S,RV3
RV4,L,VAN?S,RV4
RV6,L,AIEP,Air Beetle
RV7,L,VAN?S,RV7
RV8,L,VAN?S,RV8
RV9,L,VAN'S,RV9
RVAL,L,ATLAS,CSH2 Rooivalk
RW3,L,RHEIN,"RW3 Multoplan, Passat"
RX1H,M,BAE SYSTEMS,Avro RJX100
RX70,M,BAE SYSTEMS,Avro RJX70
RX85,M,BAE SYSTEMS,Avro RJX85
RYST,M,RYAN,"STA, STM, STR (YPT16, PT20)"
S05F,L,SIAI­MARCHETTI,S20518F/20F
S05R,L,SIAI­MARCHETTI,S20518R/20R/22R
S1,L,ARCTIC,S1 Arctic Tern
S10,L,STINSON,"10, 105, HW75, HW80, Voyager"
S107,L,SPRATT,107
S108,L,PIPER,"108 Voyager, Station Wagon"
S11,L,FOKKER,S11 Instructor
S12,L,SPENCER,S12 Air Car
S12S,L,STEMME,S-12 Twin Voyager
S15U,L,SAFRAN,A-15 Patroller
S200,L,SIPA,S200 Minijet
S202,L,SGAU,S202
S208,L,SIAI­MARCHETTI,S208
S21,L,MACDONALD,S21
S210,M,AEROSPATIALE,SE210 Caravelle
S211,L,PADC,S211
S223,L,CASA,223 Flamingo
S22T,L,CIRRUS,SR22 Turbo
S2P,M,CONAIR,Firecat
S2T,M,CONAIR,Turbo Firecat
S3,M,LOCKHEED,"S3, ES3, US3 Viking (L394)"
S32E,L,SCHLEICHER,ASG-32EL
S32M,L,SCHLEICHER,ASG-32Mi
S330,L,SCHWEIZER,269D 330
S360,L,AEROSPATIALE,SA360/361 Dauphin
S37,M,SUKHOI,S37 Berkut
S38,M,SIKORSKY,"S38, Replica"
S4,L,ARCTIC,S4 Privateer
S400,M,SGAU,S400 Kapitan
S45,M,PARTENAIR,S45 Mystere
S51,M,SIKORSKY,"S51 (H5, R5, HO3S)"
S51D,L,"STEWART AIRCRAFT, US",S51D
S52,M,SIKORSKY,S52 (HO5S)
S55P,L,SIKORSKY,"S55, S55A/C (H19, CH19, HH19, UH19, HO4S, HRS, Chickasaw)"
S55T,L,SIKORSKY,S55T
S58P,M,SIKORSKY,"S58, S58B/C/D (CH34, HH34, SH34, UH34, HSS1, HUS, Chock"
S58T,L,SIKORSKY,S58T/DT/ET
S601,L,AEROSPATIALE,SN601 Corvette
S61,M,AGUSTA,"AS61A/N (SH3, ASH61)"
S61R,M,AGUSTA,AS61R (HH3)
S62,L,SIKORSKY,S62 (HH52 Seaguard)
S64,M,SIKORSKY,S64 Skycrane (CH54 Tarhe)
S65C,L,AEROSPATIALE,SA365C Dauphin 2
S76,L,SIKORSKY,"S76, H76, AUH76, Spirit, Eagle (HE24)"
S900,L,SIPA,S901 to 904
S92,L,SIKORSKY,S92 Helibus
SA02,L,K & S,SA102.5 Cavalier
SA03,L,K & S,SA103 Cavalier
SA04,L,K & S,SA104 Cavalier
SA05,L,K & S,SA105 Super Cavalier
SA10,L,STOLP,SA100 Starduster
SA11,L,STITS,SA11 Playmate
SA3,L,STITS,SA3 Playboy
SA30,L,STOLP,SA300 Starduster Too
SA37,L,SCHWEIZER,SA237A Condor (RG8)
SA38,L,SCHWEIZER,SA238A Twin Condor (RU38)
SA50,L,STOLP,SA500 Starlet
SA6,L,STITS,SA6 FlutRBug
SA7,L,STITS,SA7 SkyCoupe
SA70,L,STOLP,SA700 Acroduster
SA75,L,STOLP,SA750 Acroduster Too
SAB2,M,ARNET PEREYRA,Sabre 2
SACE,L,ACE,Super Ace
SACR,L,"SMITH, BARRY, US",Acro Advanced
SAFF,L,HALSTED,Saffire
SAH1,L,FLS,Sprint
SAKO,L,RANS,S10 Sakota
SAND,M,SHORT,S25 Sandringham
SAPH,L,PIEL,CP1320 Saphir
SASY,L,PROTECH,"PT2 Sassy, ProStar"
SATA,L,CASA,HA220 Saeta
SAVG,L,ZLIN AVIATION,Savage
SB05,L,SAAB,105 (Sk60)
SB20,M,SAAB,2000
SB29,M,SAAB,29 (J29)
SB32,M,SAAB,32 Lansen (J32)
SB35,M,SAAB,"35 Draken (J35, Sk35, F35, RF35, TF35)"
SB37,M,SAAB,"37 Viggen (AJ37, AJS37, JA37, SF37, SH37, Sk37)"
SB39,M,SAAB,39 Gripen (JAS39)
SB7,L,SEABIRD,SB7 Seeker
SB91,L,DE SCHELDE,91 Safir (Sk50)
SBD,L,DOUGLAS,"SBD, A24 Dauntless"
SBM3,M,E & K,SBM03 Kos
SBR1,L,NORTH AMERICAN,"NA265 Sabreliner 40/50/60 (T39, CT39, NT39 Sabreliner, Tp86)"
SBR2,M,NORTH AMERICAN  ROCKWELL,NA265 Sabre 75
SC01,L,FFT,SC01 Speed Canard
SC7,L,SHORT,"SC7 Skyvan, Skyliner"
SCAM,L,AEROSPORT,Scamp
SCOR,L,ROTORWAY,Scorpion
SCOU,L,WESTLAND,Scout
SCRO,M,AKAFLIEG MUNCHEN,Mu30 Schlacro
SCTR,L,FLAGLOR,Scooter
SCUB,M,AERO KUHLMANN,Scub
SCW1,L,SCWAL,101
SDUS,M,STOLP,Super Starduster
SE5A,L,RAF (1),"SE5A, Replica"
SE5R,L,REPLICA PLANS,SE5A Replica
SEAW,L,SEAWIND,Seawind
SEST,M,SEASTAR,SeaStar
SF2,L,HAPI,SF2 Cygnet
SF23,L,SCHEIBE,SF23 Sperling
SF24,L,SCHEIBE,SF24 Motorspatz
SF25,L,LORAVIA,SF25 Falke
SF27,L,SCHEIBE,SF27M
SF28,L,SCHEIBE,SF28 Tandem Falke
SF31,L,SPORTAVIA­PUTZER,SFS31 Milan
SF32,L,SCHEIBE,SF32
SF34,M,SAAB,"340 (SF-340, S100 Argus, Tp100)"
SF35,L,SCHEIBE,SF35
SF36,L,SCHEIBE,SF36
SF50,L,CIRRUS,Vision
SG37,L,SCHWEIZER,SGM237 (TG7)
SGUP,M,AERO SPACELINES,377SGT Super Guppy
SH33,L,SHORT,"330, Sherpa (C23), SD330"
SH36,L,SHORT,"360, SD360"
SH4,L,SILVERCRAFT,SH4
SH5,M,HARBIN,"SH5, PS5"
SHAC,M,AVRO,696 Shackleton
SHAK,L,FREEDOM MASTER,FM2 Air Shark
SHAW,M,ARMSTRONG WHITWORTH,Sea Hawk
SHEK,L,RANS,S16 Shekari
SHER,L,SHERPA,Sherpa
SHIP,----,-,Airship
SHOE,L,MERCURY,Shoestring
SHOP,L,SALVAY­STARK,Skyhopper
SIDE,L,SMYTH,S Sidewinder
SILH,L,LUNDS TEKNISKE,SA60 Silhouette
SIR2,L,RHEIN,Sirius 2
SIRA,L,TECNAM,Sierra P2002
SJ30,L,SINO SWEARINGEN,SJ30
SK70,L,STARKRAFT,SK700
SKAR,L,III,Sky Arrow
SKIF,M,AEROLITES,AeroSkiff
SKIM,L,COLONIAL,C1/2 Skimmer
SKYO,L,SKYOTE AEROMARINE,Skyote
SKYR,L,"COMMONWEALTH, US",185 Skyranger
SL1,L,STAR­LITE,SL1 StarLite
SL39,L,MAPO,SL39
SL90,L,AVIOTECHNICA,SL90 Leshii
SLCH,H,SCALED,351 Stratolaunch
SLG2,L,AIRPLANE FACTORY,Sling LSA
SM01,L,STERN­MALLICK,SM01 Vega
SM19,L,SIAI­MARCHETTI,SM1019
SM92,L,TECHNOAVIA,SM92 Finist
SMB2,M,DASSAULT,Super Mystère B2
SNAD,M,CALUMET,Snobird Adventurer
SNOS,M,VSR,SR1 Snoshoo
SNS2,L,SORRELL,SNS2 Guppy
SNS7,L,SORRELL,SNS7 Hiperbipe
SNS9,L,SORRELL,SNS9 EXP2
SOK2,M,SOKO,2
SOKL,L,MRAZ,M1 Sokol
SOLI,L,RUTAN,77 Solitaire
SONX,L,SONEX,Sonex
SP18,L,LUSCOMBE,11E Spartan 185
SP20,L,MICCO,SP20/26
SP6E,M,SAUSER,P6E Replica
SP7,M,SPARTAN,7 Executive (UC71)
SP91,L,TECHNOAVIA,SP91 Slava
SP95,M,TECHNOAVIA,SP95
SPA2,L,STARK­TREFETHEN,SportAire 2
SPC2,M,SPECTER,Specter 2
SPEL,M,LOEHLE,Spitfire Elite
SPGY,M,AIRCRAFT DESIGNS,Sportster Gyro
SPIR,L,QUESTAIR,Spirit
SPIT,L,SUPERMARINE,"Spitfire, Seafire"
SPOR,M,AMAX,Sport 1700
SPR2,L,CARLSON,"Sparrow 2, Sparrowette"
SPRT,L,PRACTAVIA,Sprite
SPST,L,REARWIN,"7000, 8500, 9000 Sportster"
SPT1,L,SPITFIRE,Mark 1
SPUP,L,AIRDROME AEROPLANES,Sopwith Pup Replica
SQ2T,M,GLASSIC,SQ2000
SQES,M,INNOVATION,SkyQuest
SR20,L,CIRRUS,SR20
SR22,L,CIRRUS,SR22
SR71,M,LOCKHEED,SR71 Blackbird
SRAC,M,SPORT RACER,Sport Racer
SRAI,L,GREAT PLAINS,Sonerai
SRAS,L,D?APUZZO,"PJ260, D260/295 Senior Aero Sport"
SREY,L,PROGRESSIVE AERODYNE,SeaRey
SS2P,L,AERO COMMANDER,S2 Ag Commander
SS2T,L,AYRES,"S2RT11/T15/T34/T45/T65/G1/G6/G10 Turbo Thrush, V1 Vigilante"
SSAB,M,NORTH AMERICAN,F100 Super Sabre
SSTM,M,SG AVIATION,Sea Storm
ST1,L,PHILLIPS,ST1 Speedtwin
ST10,L,SOCATA,"ST10 Diplomate, Provence, Super Horizon"
ST50,L,ISRAVIATION,ST50
ST75,L,BOEING,"75 Kaydet (PT13, PT17, PT18, PT27, N2S)"
ST87,L,STERN,ST87 Europlane
STAL,L,AIRCRAFT DESIGNS,"Stallion, Super Stallion"
STAR,L,HAWKER BEECHCRAFT CORP,2000 Starship
STFF,L,STATLER,Firefly
STIL,L,TERZI,T9 Stiletto
STLN,L,HELIO,HST550 Stallion (AU24)
STOR,M,STORCH AVIATION,"SS4 Storch, Super Storch"
STR2,L,STROJNIK,S2
STRA,L,STRIPLIN,"Lone Ranger, Sky Ranger"
STRM,L,SG AVIATION,Storm
STST,M,CFM,SA2 Star Streak
SU15,M,SUKHOI,Su15
SU17,M,SUKHOI,Su17/20/22
SU24,M,SUKHOI,Su24
SU25,M,SUKHOI,Su25/28/39
SU26,L,SUKHOI,Su26
SU27,M,SUKHOI,"Su27/30/32/33/34/35/37 (J11, JJ11)"
SU29,L,SUKHOI,Su29
SU31,L,SUKHOI,Su31
SU38,M,SUKHOI,Su38
SU49,M,SUKHOI,Su49
SU7,M,SUKHOI,Su7
SU80,M,SUKHOI,Su80
SU95,M,SUKHOI,Superjet 100-95
SUBA,L,FUJI,FA200 Aero Subaru
SUCO,L,BELL,AH1W/Z SuperCobra (209)
SUNB,L,VERILITE,100 Sunbird
SUNV,M,FOKKER,Super Universal
SURU,L,IPT,IPT16 Surubim
SV4,L,AIAA,SV4
SW2,L,SWEARINGEN,SA26 Merlin 2
SW3,L,FAIRCHILD SWEARINGEN,"SA226TB, SA227TT Merlin 3"
SW4,M,FAIRCHILD (1),"SA227AC/AT/BC/CC/DC/PC Merlin 4/23, Metro, Expediter, Fairchild 4C (C26, UC26)"
SWAK,L,ANGLIN,Space Walker ½
SWAT,L,BHARAT,LT1/2 Swati
SWIF,M,SUPERMARINE,Swift
SWOR,L,BLACKBURN,Swordfish
SX30,L,SWEARINGEN,SX300
SYCA,L,BRISTOL,171 Sycamore
SYMP,L,OMF,OMF160 Symphony
SZ45,L,SZD,SZD45 Ogar
SZ9M,M,SZD,SZD9bis Bocian M2000
T1,L,FUJI,T1 (T1F)
T101,L,AEROPROGRESS,T101 Grach
T134,M,TUPOLEV,Tu134
T144,H,TUPOLEV,Tu144
T154,M,TUPOLEV,Tu154
T160,H,TUPOLEV,Tu160
T18,L,SUNDERLAND,S18
T2,M,NORTH AMERICAN,T2 Buckeye
T204,M,TUPOLEV,Tu204/214/224/234
T210,L,CESSNA,Turbo Centurion
T211,L,ADAMS,T211
T22M,M,TUPOLEV,Tu22M
T250,L,ANDERSON­GREENWOOD,T250 Aries
T28,L,HAMILTON,T28 Nomair
T30,L,TERZI,T30 Katana
T33,M,CANADAIR,"T33, CT133 Silver Star (CL30)"
T334,M,TUPOLEV,Tu334
T34P,L,HAWKER BEECHCRAFT CORP,"T34A/B, E17 Mentor (45)"
T34T,L,HAWKER BEECHCRAFT CORP,T34C Turbo Mentor
T35,L,TEMCO,TE1 Buckaroo (T35)
T37,L,CESSNA,T37 (318A/B/C)
T38,L,NORTHROP,"T38, AT38 Talon (N156T)"
T4,M,KAWASAKI,T4
T40,L,TURNER,T40
T411,L,AEROPROGRESS,T411 Aist2
T5,L,FUJI,T5 (KM2D/Kai)
T50,L,CESSNA,"T50 Bobcat (AT8, AT17, UC78, Crane)"
T6,L,NORTH AMERICAN,T-6 Texan
TA15,L,"TAYLORCRAFT, US","15 Tourist, Foursome"
TA16,L,THURSTON,"TA16 Trojan, Seafire"
TA20,L,"TAYLORCRAFT, US","20 Ranchwagon, Topper, Seabird, Zephyr 400"
TAIL,L,AIRCRAFT SPRUCE,W10 Tailwind
TAMP,L,SOCATA,"TB9 Tampico, Sprint, GT"
TARO,L,ANAHUAC,Tauro
TAYA,L,"TAYLORCRAFT, US",A
TAYB,L,"TAYLORCRAFT, US","BC, BF, BL, Ace, Sportsman, Traveller"
TAYD,L,"TAYLORCRAFT, US","DC, DCO, DF, DL (O57, L2)"
TB05,M,AMC,Texas Bullet 205
TB20,L,SOCATA,TB-20 Trinidad
TB30,L,AEROSPATIALE,TB30 Epsilon
TB31,L,SOCATA,TB31 Omega
TBEE,L,UNITED CONSULTANT,UC1 Twin Bee
TBM,M,GENERAL MOTORS,TBM Avenger
TBM7,L,SOCATA,TBM700
TBM8,L,SOCATA,TBM850
TBM9,L,SOCATA,TBM900
TC2,L,AERO MIRAGE,TC2
TCAT,M,GRUMMAN,F7F Tigercat (G51)
TCOU,L,HELIO,H500 Twin Courier (U5)
TEAL,L,SCHWEIZER,TSC1 Teal
TERM,L,"SMITH, WILBUR L., US",Termite
TEX2,M,HAWKER BEECHCRAFT CORP,"T6,CT156, Texan 2, Harvard 2 (3000)"
TF19,L,"TAYLORCRAFT, US","19, F19 Sportsman"
TF21,L,TAYLOR KITS,TKraft
TF22,L,"TAYLORCRAFT, US","F22 Classic, TriClassic, Ranger, Trooper, Tracker"
TFK2,M,TECHNOFLUG,TFK2 Carat
TFOC,L,THUNDER WINGS,FockeWulf Fw190
TFUN,L,TWI,Taifun
TGRS,M,LANCAIR,Tigress
TIGR,L,EUROCOPTER,"EC665 Tigre, Tiger"
TIJU,L,AVIONES FAIREY,Tipsy Junior
TIPB,L,AVIONES FAIREY,Tipsy B/BC/Belfair/Trainer
TJET,M,MAVERICK,TJ1500 TwinJet
TLEG,M,PERFORMANCE,Turbine Legend
TM5,L,TM AIRCRAFT,TM5
TMOT,L,FISHER,"R80, RS80, Tiger Moth"
TMUS,L,PAPA 51,Thunder Mustang
TNAV,L,CAMAIR,480 Twin Navion
TOBA,L,SOCATA,"TB10/200 Tobago, GT"
TOOT,L,MEYER,Little Toot
TOR,M,AERITALIA,Tornado
TOUR,L,AESL,Airtourer
TP40,L,THUNDER WINGS,Curtiss P40
TPIL,L,ENAER,"T35DT/TX Aucán, Turbo Pillán"
TPIN,L,SCOTTISH AVIATION,Twin Pioneer
TPST,L,JARAN,184 Tempest
TR1,M,TRIDENT,TR1 Trigull
TR20,L,FEUGRAY,TR200
TR26,L,FEUGRAY,TR260 Sirius
TRF1,M,TEAM ROCKET,F1
TRID,M,DE HAVILLAND,DH121 Trident
TRIN,L,SOCATA,"TB20/21 Trinidad, GT, Pashosh"
TRIP,M,SOPWITH,"Triplane, Replica"
TRIS,L,ANGLO NORMANDY,BN2A Mk3 Trislander
TRWN,L,PACIFIC AIRMOTIVE,Tradewind
TS11,L,PZL­MIELEC,TS11 Iskra
TS8,L,PZL­MIELEC,TS8 Bies
TSPT,L,THUNDER WINGS,Supermarine Spitfire
TSTR,L,AIR & SPACE,Twinstar
TTWO,L,PARKER,Teenie Two
TU16,M,TUPOLEV,Tu16
TU22,M,TUPOLEV,Tu22
TU4,M,TUPOLEV,Tu4
TU95,H,TUPOLEV,"Tu95/142, Tu20"
TUCA,L,AOI,EMB312 Tucano
TUTR,L,AVRO,621 Tutor
TVL4,L,TRAVEL AIR,"4, 4000"
TVLB,M,TRAVEL AIR,B
TWSP,M,TIME WARP,Spitfire
U16,L,GRUMMAN,"HU16, SA16, UF Albatross (G64/111)"
U2,L,LOCKHEED,"U2, ER2"
U21,L,HAWKER BEECHCRAFT CORP,"U21A/G, EU21, JU21, RU21, Ute (A901 to 4)"
U22,L,HAWKER BEECHCRAFT CORP,QU22 (1074/1079)
UBAT,L,AUSTRALITE,Ultrabat
UH1,L,BELL,"EH-1, TH-1, UH-1 Iroquois"
UH12,L,FAIRCHILD HILLER,"UH12E, E4, L3, L4, SL3, SL4 (OH23 Raven)"
UHEL,----,-,Micro-/Ultralight helicopter
UL10,L,STREAMLINE WELDING,10 Ultimate Competitor/Winner
UL20,L,STREAMLINE WELDING,20 Ultimate Companion
ULAC,----,-,Micro-/Ultralight aircraft
ULTS,L,AMERICAN SPORTSCOPTER,Ultrasport 496
UM18,L,AIR & SPACE,18
UNIV,L,NEIVA,N621/622 Universal (T25)
US1,M,SHIN MEIWA,SS2A (US1)
UT60,L,UTVA,60
UT65,L,UTVA,65 Privrednik
UT66,L,UTVA,66
UT75,L,UTVA,75 (V53)
UU12,L,UDET,"U12 Flamingo, Replica"
V1,L,GRUMMAN,"OV1, RV1, AO1 Mohawk (G134)"
V10,L,NORTH AMERICAN,OV10 Bronco
V22,M,BELL,"V22, CV22, MV22 Osprey (901)"
V280,M,BELL,V-280 Valor
V500,L,REVOLUTION,Voyager 500
V8SP,L,BEACHNER,V8 Special
VALI,L,CONVAIR,BT13 Valiant (V54)
VAMP,L,DE HAVILLAND,DH100/115 Vampire
VANT,L,VISIONAIRE,VA10 Vantage
VAUT,M,SUD,SO4050 Vautour
VC10,H,BAC,VC10
VECT,M,EMBRAER,CBA123 Vector
VELO,L,VELOCITY,Velocity
VENT,L,SCHEMPP­HIRTH,Ventus BT/CM/CT/2CM/2CT
VEZE,L,RUTAN,33 VariEze
VF14,M,VFW­FOKKER,VFW614
VF35,M,LOCKHEED MARTIN,VF35
VGUL,L,PERCIVAL,"P10, K1 Vega Gull"
VIMA,L,VALTION,Viima
VIMY,L,VICKERS,"FB27 Vimy, Replica"
VIPJ,M,VIPER,ViperJet
VIPR,M,PAXMAN'S,Viper
VISC,M,VICKERS,Viscount
VIX,L,SKYSTAR,Kitfox Vixen/Voyager
VIXN,M,AMAX,Vixen
VJ22,L,VOLMER,VJ22 Sportsman
VK3P,L,CIRRUS,VK30 Cirrus
VMT,H,MYASISHCHEV,VMT Atlant
VNOM,M,DE HAVILLAND,DH112 Venom
VNTR,L,ICP,Ventura
VO10,L,AERO COMMANDER,100 Commander 100
VP2,L,EVANS,VP2 Volksplane
VSON,M,AMERICAN AFFORDABLE,Vision
VTOR,L,PARTENAVIA,AP68TP600 Viator
VTUR,L,QUESTAIR,M20 Venture
VULC,L,AVRO,Vulcan
VVIG,L,RUTAN,"27, 32 VariViggen"
VW10,L,AIRCONCEPT,VoWi10 Airbuggy
W11,L,WOLF,W11 Boredom Fighter
W201,L,WEATHERLY,"201, 620"
W3,L,PZL­SWIDNIK,"W3, S1, SRR10, Sokól, Anakonda, Huzar, Erka, Procjon"
W62T,L,WEATHERLY,620TP/BTG
WA40,L,WASSMER,WA40 Super 4
WA41,L,WASSMER,WA41 Baladou
WA42,L,WASSMER,WA421 Prestige
WA50,L,WASSMER,"WA51/52/54 Pacific, Europa, Atlantic"
WA80,L,WASSMER,WA80/81 Piranha
WACC,L,WACO,"C, S, CUC, QDC, UKC, YKS"
WACD,L,WACO,"D, S3HD"
WACE,L,WACO,"E, SRE"
WACF,L,CLASSIC,Waco Classic
WACG,L,WACO,"G, CRG"
WACO,L,WACO,"O, E, GXE, CTO"
WASP,L,WESTLAND,Wasp
WB57,M,MARTIN,WB57 (272)
WCAT,L,GENERAL MOTORS,FM Wildcat
WDEX,L,RADAB,Windex
WESX,L,WESTLAND,WS58 Wessex
WF4U,L,WAR,Vought F4U Corsair
WFOC,L,WAR,FockeWulf 190
WFUR,L,WAR,Hawker Sea Fury
WG30,L,WESTLAND,"WG30, 30"
WH1,L,WENDT,WH1 Traveler
WHAT,L,WHATLEY,Special
WHIL,L,REFLEX,WLAC1 White Lightning
WHIS,L,GROVE,GR2 Whisper
WHIT,L,MILES,M11 Whitney Straight
WICH,L,JAVELIN,Wichawk
WIND,L,WATSON,GW1 Windwagon
WINE,L,WINDECKER,Eagle
WIRR,L,"COMMONWEALTH,  AUSTRALIA",CA16 Wirraway
WM2,L,"MILLER, WILLIAM Y., US",WM2
WOPU,L,AEROSPORT,Woody Pusher
WP47,L,WAR,Republic P47 Thunderbolt
WS22,M,SPRING,WS202 Sprint
WT9,L,AEROSPOOL,WT-9 Dynamic
WW1,L,WHITE,WW1 Der Jäger D9
WW23,L,IAI,1123 Westwind
WW24,L,IAI,"1124 Westwind, Westwind 1/2, Sea Scan"
X29,M,GRUMMAN,X29 (712)
X31,M,MBB,X31
X32,M,BOEING,X32
X35,M,LOCKHEED MARTIN,X35
X4,L,ROBIN,X4
X47B,M,NORTHROP GRUMMAN,X-47B
XL2,M,LIBERTY,XL2
XNOS,L,SONEX,Xenos
XV15,L,BELL,XV15 (301)
Y11,L,HARBIN,Y11
Y112,L,YAKOVLEV,Yak112
Y12,L,HARBIN,"Y12, Twin Panda"
Y130,M,YAKOVLEV,Yak130
Y141,M,YAKOVLEV,Yak141
Y18T,L,TECHNOAVIA,SM94
YAK3,L,YAKOVLEV,Yak3
YAK9,L,YAKOVLEV,Yak9
YALE,L,NORTH AMERICAN,"BT9/14, NJ, Yale"
YARR,L,"ARROW, CANADA",Yarrow Arrow
YC12,L,CHASLE,YC12/121/122/123 Tourbillon
YK11,L,LET,C11
YK12,L,PZL­OKECIE,Yak12
YK18,L,NANCHANG,CJ5
YK28,M,YAKOVLEV,Yak28
YK38,M,YAKOVLEV,Yak38
YK40,M,YAKOVLEV,Yak40
YK42,M,YAKOVLEV,Yak42/142
YK50,L,YAKOVLEV,Yak50
YK52,L,"AEROSTAR SA, ROMANIA",Yak52/54
YK53,L,YAKOVLEV,Yak53
YK54,L,YAKOVLEV,Yak54
YK55,L,YAKOVLEV,Yak55
YK58,L,YAKOVLEV,Yak58
YL15,L,BOEING,451 Scout
YS11,M,MITSUBISHI,YS11
YURO,M,CRAIOVA,IAR93
Z22,L,MORAVAN,Zlin Z22 Junak
Z26,L,MORAVAN,"Zlin Z26/126/226/326/426/526/626/726 Trener, Trener Master, Bo hatyr, Akrobat, Skydevil, Universal, Condor"
Z37P,L,LET,"Z37, Z37A/C, Z237 Cmelák, Sparka"
Z37T,L,MORAVAN,"Z37T, Z137 Agro Turbo"
Z42,L,MORAVAN,"Zlin Z42/142/242, Firnas 142"
Z43,L,MORAVAN,"Zlin Z43/143, Safir 43"
Z50,L,MORAVAN,Zlin Z50
ZEP2,M,ARNET PEREYRA,Zephyr 2
ZERO,L,MITSUBISHI,A6M Zero
ZIA,L,APPLEBAY,Zia
ZULU,M,BULAERO,Zulu
